heart_rate_bpm,systolic_bp,spo2_pct,pain_score,temperature_c,respiratory_rate,blood_glucose_mg_dl,age_group,urgent_icu_triage
53,184,98,3,36.0,19,119,GERIATRIC,0
114,75,95,7,35.8,21,71,ADULT,0
74,187,100,9,37.1,15,169,ADULT,0
95,154,89,4,35.6,13,85,GERIATRIC,1
76,112,87,9,37.8,14,372,ADULT,1
81,173,92,4,36.2,13,195,PEDIATRIC,0
111,150,96,0,35.9,20,204,ADULT,0
80,141,94,8,35.9,16,165,ADULT,0
65,115,94,3,36.2,16,338,ADULT,0
110,94,97,4,37.1,18,338,PEDIATRIC,0
114,85,94,3,34.8,22,118,ADULT,0
61,126,97,2,37.5,12,334,PEDIATRIC,0
106,161,93,8,36.1,8,215,PEDIATRIC,0
121,172,92,4,36.8,17,147,PEDIATRIC,0
104,123,100,2,36.5,8,209,PEDIATRIC,0
107,109,97,7,37.8,19,289,ADULT,0
91,111,94,9,37.0,25,114,ADULT,0
96,75,100,0,37.1,15,122,ADULT,0
49,106,93,2,36.2,22,296,GERIATRIC,0
58,136,97,1,35.6,17,321,ADULT,0
73,139,92,2,36.0,17,254,GERIATRIC,0
89,137,97,10,35.4,15,327,GERIATRIC,0
57,88,100,1,36.2,16,73,PEDIATRIC,0
99,158,93,10,36.5,16,307,ADULT,0
82,157,99,4,37.4,18,160,ADULT,0
86,96,100,8,37.1,19,252,ADULT,0
70,112,90,6,37.4,19,371,PEDIATRIC,0
73,95,94,4,35.2,15,122,PEDIATRIC,0
93,110,100,0,35.9,10,342,ADULT,0
82,139,98,5,38.2,10,227,ADULT,0
77,120,100,6,37.5,8,210,GERIATRIC,0
68,100,93,10,37.8,11,127,ADULT,0
94,132,96,8,37.2,13,129,ADULT,0
75,93,93,2,38.3,17,128,ADULT,0
79,148,100,8,36.4,17,247,PEDIATRIC,0
89,128,97,8,34.9,14,107,ADULT,0
124,112,100,0,36.8,17,82,GERIATRIC,0
75,109,100,5,36.7,12,189,GERIATRIC,0
102,148,98,8,39.2,15,144,GERIATRIC,0
107,118,99,1,37.4,15,234,ADULT,0
71,92,100,1,36.6,26,100,ADULT,0
78,108,96,4,37.8,16,82,ADULT,0
121,103,97,4,37.8,14,296,ADULT,0
108,119,92,8,38.7,19,127,ADULT,0
72,142,100,9,38.5,23,334,GERIATRIC,0
94,142,94,0,35.9,21,375,ADULT,0
121,116,94,8,37.2,13,320,ADULT,0
70,109,91,10,35.8,13,340,PEDIATRIC,0
71,184,97,10,37.2,20,166,PEDIATRIC,0
50,88,100,1,35.7,18,172,ADULT,0
129,117,99,10,36.0,23,222,ADULT,0
87,109,99,8,35.9,15,181,PEDIATRIC,0
58,134,98,5,38.7,18,166,ADULT,0
82,121,96,2,36.2,9,247,GERIATRIC,0
71,83,100,5,36.6,20,116,ADULT,0
62,142,97,6,37.0,10,254,GERIATRIC,0
56,94,94,8,37.6,12,204,GERIATRIC,0
103,97,90,2,36.1,8,66,ADULT,0
103,109,96,8,35.3,22,148,ADULT,0
134,112,100,1,36.0,13,334,ADULT,1
64,121,95,5,39.9,16,105,ADULT,0
98,171,96,10,38.2,25,122,PEDIATRIC,0
81,109,100,2,37.5,9,189,ADULT,0
85,113,97,7,36.3,26,370,PEDIATRIC,0
88,91,98,4,36.0,19,153,GERIATRIC,0
77,142,94,8,36.3,24,177,ADULT,0
49,145,97,2,38.6,26,258,ADULT,0
86,146,98,9,36.5,19,86,GERIATRIC,0
45,105,100,10,36.9,15,307,ADULT,0
86,187,97,6,36.7,10,337,PEDIATRIC,0
68,113,96,9,37.3,25,108,ADULT,0
141,78,100,4,38.0,15,206,ADULT,0
67,174,96,2,35.6,18,84,GERIATRIC,0
51,141,98,5,36.9,13,342,GERIATRIC,0
68,157,97,9,36.5,21,365,ADULT,0
81,120,92,4,36.7,13,300,GERIATRIC,0
54,94,92,5,37.2,21,199,ADULT,0
83,143,98,7,36.1,20,123,ADULT,0
45,124,95,9,35.3,25,261,ADULT,0
129,141,93,7,37.3,22,116,ADULT,0
100,78,100,3,36.3,17,139,ADULT,0
45,127,98,4,35.7,22,200,ADULT,0
128,101,100,9,37.1,18,194,ADULT,0
64,97,100,9,38.0,13,246,PEDIATRIC,0
100,119,98,4,35.9,17,264,GERIATRIC,0
96,111,97,0,37.8,18,234,GERIATRIC,0
91,75,97,1,36.3,15,341,GERIATRIC,0
133,189,99,6,37.5,20,347,GERIATRIC,1
142,118,93,3,37.8,16,248,ADULT,0
78,147,100,9,35.6,23,178,ADULT,0
69,126,93,8,38.4,19,248,PEDIATRIC,0
53,178,94,6,35.3,12,83,PEDIATRIC,0
85,94,96,5,37.3,13,287,ADULT,0
85,141,91,4,36.8,13,128,ADULT,0
71,173,98,5,35.9,12,128,ADULT,0
102,102,96,4,37.2,25,299,ADULT,0
74,89,96,2,37.6,14,228,ADULT,0
49,98,98,0,36.7,10,177,ADULT,0
65,159,90,7,36.9,16,223,GERIATRIC,0
66,126,100,3,36.4,15,203,ADULT,0
89,108,100,0,36.2,22,260,ADULT,0
66,85,96,3,36.8,15,355,GERIATRIC,0
61,120,100,3,37.4,24,187,ADULT,0
102,172,99,2,38.1,17,318,PEDIATRIC,0
66,106,98,1,36.2,22,264,ADULT,0
87,151,100,4,37.9,22,232,ADULT,0
107,118,91,3,35.9,19,233,GERIATRIC,0
98,186,92,5,36.9,11,262,ADULT,0
54,98,94,5,35.9,20,361,ADULT,0
93,119,100,4,38.6,18,135,GERIATRIC,0
74,122,100,2,37.1,8,355,PEDIATRIC,0
62,93,97,9,37.2,13,257,GERIATRIC,0
45,143,96,9,36.4,16,355,PEDIATRIC,0
62,107,97,5,37.5,8,67,ADULT,0
45,96,100,7,36.6,18,307,ADULT,0
45,122,94,0,36.7,9,317,PEDIATRIC,0
85,120,97,2,36.9,16,113,ADULT,0
82,133,95,7,35.9,17,261,GERIATRIC,0
53,126,86,0,36.8,17,187,PEDIATRIC,1
103,90,95,2,38.0,20,297,ADULT,0
45,123,89,8,38.7,20,250,ADULT,1
93,118,96,10,35.6,10,359,ADULT,0
88,119,91,3,38.2,17,311,GERIATRIC,0
52,100,94,3,38.2,16,300,ADULT,0
113,108,94,2,36.4,17,314,PEDIATRIC,0
107,138,94,6,37.6,19,140,PEDIATRIC,0
45,116,99,2,35.8,14,87,ADULT,0
87,130,94,0,37.8,19,68,PEDIATRIC,0
77,94,100,5,36.1,16,304,ADULT,0
51,174,97,3,36.5,18,343,PEDIATRIC,0
98,154,94,2,37.1,18,374,ADULT,0
67,123,96,9,36.7,15,202,GERIATRIC,0
97,148,100,3,37.8,17,176,GERIATRIC,0
140,147,99,6,35.3,17,115,ADULT,0
87,117,98,10,38.5,10,287,ADULT,0
99,106,99,6,37.2,20,167,PEDIATRIC,0
123,118,96,4,35.9,11,333,ADULT,1
141,113,96,5,37.5,20,77,GERIATRIC,0
126,113,93,2,37.4,16,306,PEDIATRIC,0
113,167,99,0,37.8,21,119,ADULT,0
97,135,97,3,37.5,20,265,PEDIATRIC,0
87,112,91,8,36.4,27,92,ADULT,0
69,117,99,1,37.9,19,345,GERIATRIC,0
88,153,100,8,37.8,9,70,PEDIATRIC,0
72,75,97,6,36.8,20,144,ADULT,0
80,175,97,7,36.3,23,301,PEDIATRIC,0
87,170,97,9,35.7,19,243,ADULT,0
76,157,98,3,37.0,13,279,ADULT,0
47,97,97,0,35.1,21,201,ADULT,0
59,176,100,9,37.6,20,95,GERIATRIC,0
129,158,97,9,36.1,16,319,ADULT,0
63,147,96,9,37.6,21,320,GERIATRIC,0
101,81,100,2,38.5,17,249,ADULT,0
90,79,91,4,36.7,23,88,ADULT,0
107,105,97,5,36.8,18,240,ADULT,0
63,123,95,1,36.9,13,224,ADULT,0
121,149,98,2,38.6,19,376,ADULT,1
46,152,100,8,37.8,21,143,ADULT,0
54,107,96,2,37.6,22,136,ADULT,0
56,127,100,7,36.7,27,168,ADULT,0
117,193,100,10,36.5,21,191,PEDIATRIC,0
81,139,96,2,37.7,15,109,PEDIATRIC,0
128,82,95,7,37.0,16,209,ADULT,0
71,105,95,9,36.9,16,335,PEDIATRIC,0
97,163,96,0,37.4,8,204,GERIATRIC,0
83,87,93,4,37.8,26,369,ADULT,0
81,162,99,1,36.9,21,274,ADULT,0
54,96,93,10,37.1,22,68,GERIATRIC,0
61,123,96,10,37.7,10,75,GERIATRIC,0
87,118,94,4,38.2,15,259,GERIATRIC,0
107,122,92,4,36.5,22,177,ADULT,0
120,173,92,6,37.0,10,190,ADULT,0
61,90,96,9,36.0,13,225,ADULT,0
96,153,96,6,36.1,15,299,ADULT,0
85,124,94,2,36.9,14,217,ADULT,0
45,85,97,9,37.5,19,246,ADULT,0
94,103,90,1,36.6,14,248,ADULT,0
72,152,97,1,37.1,10,87,ADULT,0
70,88,95,10,35.9,15,342,PEDIATRIC,0
89,143,100,1,38.9,26,204,GERIATRIC,0
88,102,96,3,37.7,13,155,ADULT,0
95,76,97,10,36.5,19,112,ADULT,0
119,133,94,10,38.0,15,86,ADULT,0
73,132,98,3,36.2,22,351,PEDIATRIC,0
107,134,91,9,38.2,10,155,ADULT,0
87,143,100,1,37.5,8,257,GERIATRIC,0
105,146,100,7,39.0,21,117,ADULT,0
81,133,92,10,36.2,21,354,ADULT,0
83,130,97,2,36.2,13,147,ADULT,0
80,168,100,3,37.0,12,207,ADULT,0
110,101,95,0,37.9,27,272,PEDIATRIC,0
123,183,100,3,36.8,18,260,ADULT,1
45,78,90,5,36.8,20,295,ADULT,0
55,91,92,8,36.2,16,177,GERIATRIC,0
51,175,100,8,35.2,12,300,ADULT,0
89,104,97,7,37.9,21,116,PEDIATRIC,0
78,93,96,3,38.1,8,345,ADULT,0
80,127,96,3,37.5,20,163,ADULT,0
106,164,93,7,37.2,15,259,ADULT,0
90,166,93,0,35.7,17,260,ADULT,0
95,135,100,9,37.6,13,80,ADULT,0
69,137,94,8,36.7,25,278,ADULT,0
109,85,97,3,37.5,13,253,PEDIATRIC,0
138,75,100,10,35.7,9,327,ADULT,1
45,116,100,6,38.6,20,163,PEDIATRIC,0
103,113,100,4,37.7,19,84,PEDIATRIC,0
109,106,94,0,36.7,22,347,GERIATRIC,0
114,135,95,6,35.7,13,374,ADULT,0
48,97,100,1,36.5,17,259,ADULT,0
118,143,100,2,37.8,24,151,ADULT,0
81,122,100,2,38.2,30,69,GERIATRIC,0
106,125,97,0,36.5,29,325,ADULT,0
90,150,93,8,38.0,15,110,GERIATRIC,0
58,94,98,3,36.6,18,154,ADULT,0
47,148,93,10,38.4,20,245,ADULT,0
117,106,97,8,36.4,15,68,PEDIATRIC,0
67,132,100,2,37.6,14,319,ADULT,0
83,103,100,1,35.4,21,240,ADULT,0
60,101,100,3,39.3,9,323,GERIATRIC,0
68,96,100,5,38.0,27,82,ADULT,0
87,84,100,8,37.2,22,132,ADULT,0
72,75,100,0,36.8,17,200,ADULT,0
78,130,100,9,37.5,16,340,PEDIATRIC,0
105,139,93,7,38.9,19,242,ADULT,0
87,120,93,0,36.2,15,135,PEDIATRIC,0
124,127,100,4,36.4,13,323,GERIATRIC,1
96,88,93,7,36.6,13,275,ADULT,0
88,182,99,5,39.1,15,375,GERIATRIC,0
69,171,96,8,38.5,24,137,ADULT,0
71,115,97,1,38.2,20,244,ADULT,0
110,170,100,6,37.3,18,143,ADULT,0
107,115,94,7,36.8,23,287,ADULT,0
79,121,99,9,37.0,17,227,GERIATRIC,0
122,104,100,6,36.3,8,135,GERIATRIC,0
77,107,92,5,35.7,17,375,ADULT,0
122,135,94,6,39.2,18,116,PEDIATRIC,0
75,144,97,5,37.8,12,192,PEDIATRIC,0
83,103,91,1,37.9,12,130,ADULT,0
68,120,96,8,36.8,27,252,GERIATRIC,0
45,128,98,9,35.7,9,177,ADULT,0
73,108,94,2,38.0,23,250,PEDIATRIC,0
81,75,100,6,36.3,15,80,ADULT,0
88,101,94,1,36.6,15,179,GERIATRIC,0
121,119,97,6,36.3,21,123,GERIATRIC,0
125,124,93,1,36.0,15,88,GERIATRIC,0
88,146,96,1,37.1,21,288,PEDIATRIC,0
74,131,96,3,36.5,20,146,ADULT,0
78,137,94,9,36.1,17,369,GERIATRIC,0
64,116,100,3,37.5,14,130,GERIATRIC,0
67,93,91,8,36.3,31,229,ADULT,0
92,180,92,10,37.5,20,257,PEDIATRIC,0
85,134,96,6,39.8,19,163,ADULT,0
70,136,94,6,35.9,10,328,GERIATRIC,0
112,176,92,8,37.6,19,350,GERIATRIC,0
61,116,99,1,36.2,11,377,ADULT,0
80,133,100,3,36.1,24,169,PEDIATRIC,0
67,126,97,10,36.9,12,157,PEDIATRIC,0
107,134,97,6,37.5,16,292,ADULT,0
72,95,92,5,37.7,15,345,PEDIATRIC,0
109,124,95,1,36.7,17,173,ADULT,0
94,102,100,3,37.5,27,184,ADULT,0
75,140,96,0,37.6,19,137,ADULT,0
82,136,98,0,36.1,13,369,ADULT,0
101,94,97,4,35.9,19,298,PEDIATRIC,0
66,174,98,10,36.9,11,72,ADULT,0
64,166,99,8,37.1,15,351,GERIATRIC,0
52,105,100,10,35.9,19,92,ADULT,0
80,128,97,3,38.1,20,169,PEDIATRIC,0
107,169,94,5,38.1,14,128,PEDIATRIC,0
98,133,96,5,39.5,24,248,ADULT,0
55,136,92,4,35.9,18,355,ADULT,0
67,112,91,1,37.0,22,163,GERIATRIC,0
81,120,100,9,36.8,27,115,GERIATRIC,0
65,151,99,0,38.8,16,187,ADULT,0
103,163,96,5,36.2,16,272,ADULT,0
109,120,100,10,35.8,16,183,GERIATRIC,0
82,123,99,10,37.5,19,82,GERIATRIC,0
66,123,96,8,35.9,10,249,PEDIATRIC,0
92,132,93,3,36.1,16,146,ADULT,0
57,147,100,9,38.2,11,231,ADULT,0
55,94,97,9,37.1,18,238,PEDIATRIC,0
75,75,98,6,34.4,15,201,PEDIATRIC,0
63,125,98,1,36.2,22,187,ADULT,0
117,137,95,9,35.6,19,192,GERIATRIC,0
68,126,99,4,37.3,17,369,ADULT,0
81,133,95,9,37.5,19,67,ADULT,0
45,93,100,10,35.5,8,107,PEDIATRIC,0
114,118,100,5,37.2,19,70,GERIATRIC,0
126,90,98,8,36.7,15,103,GERIATRIC,0
75,119,93,7,37.5,19,270,GERIATRIC,0
90,78,91,1,37.7,19,81,ADULT,0
93,150,92,6,36.4,26,220,ADULT,0
73,151,99,8,36.5,12,117,PEDIATRIC,0
90,102,97,6,36.5,22,224,ADULT,0
96,81,100,5,37.2,13,221,GERIATRIC,0
85,122,100,6,36.4,12,290,GERIATRIC,0
54,154,97,5,36.2,12,262,GERIATRIC,0
89,136,95,5,36.6,30,320,ADULT,0
93,126,98,5,37.6,23,358,ADULT,0
105,85,100,1,36.6,15,149,GERIATRIC,0
69,153,97,10,38.0,16,284,GERIATRIC,0
53,139,94,10,36.8,16,196,PEDIATRIC,0
111,159,96,6,37.1,17,294,PEDIATRIC,0
107,75,94,3,37.9,21,354,PEDIATRIC,0
52,113,97,4,37.1,14,352,ADULT,0
64,87,99,10,38.4,15,88,ADULT,0
60,111,97,5,38.2,24,167,PEDIATRIC,0
67,97,89,2,35.9,21,167,ADULT,1
73,153,90,5,36.6,14,294,PEDIATRIC,0
58,129,100,2,37.7,8,180,GERIATRIC,0
104,106,98,7,36.7,24,260,GERIATRIC,0
59,115,97,0,35.8,15,357,ADULT,0
87,151,92,5,36.0,20,307,PEDIATRIC,0
92,129,100,5,36.3,8,76,PEDIATRIC,0
47,92,100,7,36.0,14,330,ADULT,0
94,137,94,1,35.9,23,344,GERIATRIC,0
82,131,92,7,37.0,15,291,GERIATRIC,0
90,140,93,7,38.7,26,271,PEDIATRIC,0
69,88,91,6,36.9,32,318,ADULT,0
83,110,98,6,35.3,21,84,ADULT,0
45,91,100,9,37.9,24,196,PEDIATRIC,0
60,119,94,10,38.0,16,216,ADULT,0
66,148,97,3,36.0,18,334,ADULT,0
62,105,93,10,37.8,12,157,ADULT,0
85,172,100,9,37.3,9,248,PEDIATRIC,0
79,168,100,7,36.7,26,263,ADULT,0
107,104,100,1,38.1,12,265,GERIATRIC,0
115,134,98,4,37.1,8,278,ADULT,0
49,117,94,7,38.8,13,271,PEDIATRIC,0
107,112,92,7,37.0,21,379,ADULT,0
65,175,100,9,36.8,22,343,GERIATRIC,0
91,104,95,2,36.5,30,206,ADULT,0
45,139,96,8,38.5,18,191,ADULT,0
103,127,97,7,35.8,13,245,ADULT,0
178,130,93,8,37.1,16,131,ADULT,0
100,158,100,9,38.0,15,227,PEDIATRIC,0
99,140,96,1,39.5,10,197,ADULT,0
93,105,94,2,36.7,23,241,ADULT,0
90,169,100,7,36.1,28,138,PEDIATRIC,0
75,146,100,9,37.8,17,208,ADULT,0
64,138,97,5,36.1,20,188,PEDIATRIC,0
66,165,92,0,37.6,29,71,ADULT,0
66,135,98,6,36.8,13,317,ADULT,0
57,115,97,9,37.3,15,370,ADULT,0
66,102,92,3,37.6,19,167,ADULT,0
65,116,100,4,35.0,19,215,PEDIATRIC,0
76,93,92,6,37.1,17,91,GERIATRIC,0
107,142,97,0,37.6,8,208,PEDIATRIC,0
71,131,85,0,36.7,17,169,GERIATRIC,1
101,106,92,10,36.1,25,256,ADULT,0
114,153,96,7,37.8,14,271,GERIATRIC,0
102,181,92,3,36.1,20,202,ADULT,0
64,123,96,5,37.4,23,205,ADULT,0
98,124,92,10,36.5,22,70,ADULT,0
84,115,99,8,37.3,21,147,ADULT,0
45,129,92,9,36.0,22,154,ADULT,0
68,92,94,10,36.6,23,178,ADULT,0
62,125,100,5,37.6,18,354,ADULT,0
68,136,100,3,34.7,18,150,ADULT,0
86,122,93,7,37.2,16,189,ADULT,0
46,117,100,8,38.0,20,236,ADULT,0
53,136,92,3,36.7,16,176,GERIATRIC,0
130,92,93,10,38.1,14,317,ADULT,0
107,137,99,2,37.2,20,116,PEDIATRIC,0
69,84,98,3,37.8,8,197,GERIATRIC,0
50,112,97,5,36.8,20,202,ADULT,0
47,147,97,2,38.4,21,102,ADULT,0
139,112,96,4,36.5,20,248,ADULT,0
81,134,100,2,36.0,19,374,PEDIATRIC,0
51,116,85,4,36.6,11,376,ADULT,1
46,134,96,9,36.5,29,293,PEDIATRIC,0
72,111,93,8,36.2,21,328,ADULT,0
81,121,96,5,37.2,8,364,ADULT,0
89,116,92,5,36.8,19,299,PEDIATRIC,0
79,116,93,8,38.1,14,272,PEDIATRIC,0
51,95,96,6,37.1,24,249,PEDIATRIC,0
67,169,95,3,37.1,21,99,PEDIATRIC,0
72,143,88,7,36.7,19,298,ADULT,1
77,93,100,1,36.7,22,128,ADULT,0
94,153,97,1,35.5,23,77,ADULT,0
112,125,100,6,34.2,17,348,ADULT,0
71,135,95,4,36.3,29,231,GERIATRIC,0
116,123,97,5,35.7,13,336,GERIATRIC,1
79,117,93,2,35.9,21,296,ADULT,0
76,141,90,10,36.6,15,245,PEDIATRIC,0
95,108,98,3,36.9,19,374,ADULT,0
78,128,92,7,36.5,20,324,PEDIATRIC,0
45,133,98,0,37.1,15,230,ADULT,0
99,134,100,5,38.3,18,242,GERIATRIC,0
94,88,100,9,37.7,13,190,ADULT,0
101,157,94,1,37.4,16,148,ADULT,0
81,99,98,4,37.3,12,253,ADULT,0
72,126,100,7,36.4,14,365,ADULT,0
73,121,99,9,36.0,24,363,ADULT,0
90,153,96,4,38.3,20,333,PEDIATRIC,0
87,134,96,3,38.1,12,349,ADULT,0
84,113,97,4,36.5,19,65,ADULT,0
100,122,96,3,37.2,23,258,PEDIATRIC,0
96,140,95,1,36.6,8,312,ADULT,0
45,180,100,10,37.2,15,142,ADULT,0
45,148,91,5,37.6,11,331,PEDIATRIC,0
139,142,100,4,36.1,20,356,ADULT,1
108,125,96,2,38.0,18,317,ADULT,0
88,149,96,10,35.9,14,120,PEDIATRIC,0
67,102,98,10,36.4,16,213,PEDIATRIC,0
67,152,98,10,36.8,17,102,PEDIATRIC,0
86,125,94,2,37.4,16,201,ADULT,0
45,84,90,9,37.0,17,251,ADULT,0
93,169,95,0,37.2,14,175,GERIATRIC,0
71,79,99,2,35.7,14,109,PEDIATRIC,0
61,162,97,7,37.3,19,264,GERIATRIC,0
58,131,97,4,38.1,15,267,PEDIATRIC,0
75,109,95,0,38.1,17,351,ADULT,0
106,91,100,9,36.8,20,258,ADULT,0
68,113,98,6,37.0,15,282,ADULT,0
80,106,99,8,36.9,17,127,GERIATRIC,0
116,127,97,10,36.6,28,129,ADULT,0
98,148,100,8,36.8,10,131,ADULT,0
55,172,94,1,36.4,8,145,GERIATRIC,0
75,123,90,5,36.9,11,133,ADULT,0
110,91,98,3,36.6,24,191,PEDIATRIC,0
102,140,96,8,37.2,10,158,ADULT,0
80,113,93,1,37.3,19,126,GERIATRIC,0
101,155,100,1,36.7,13,377,PEDIATRIC,0
92,75,98,9,38.3,17,262,ADULT,0
87,94,100,5,37.7,10,104,ADULT,0
70,145,96,2,35.6,27,170,ADULT,0
65,99,98,7,37.3,17,260,ADULT,0
65,115,90,4,35.1,23,363,GERIATRIC,0
104,152,100,0,36.4,14,200,GERIATRIC,0
79,151,93,5,37.5,20,174,PEDIATRIC,0
84,99,96,1,36.6,15,220,PEDIATRIC,0
45,148,97,4,37.6,21,278,ADULT,0
90,97,89,7,37.5,21,159,PEDIATRIC,1
80,107,93,1,38.7,22,196,GERIATRIC,0
80,90,100,1,36.0,15,288,PEDIATRIC,0
101,75,93,9,36.5,26,365,ADULT,0
59,80,96,4,37.9,23,326,ADULT,0
107,142,96,10,37.1,16,105,GERIATRIC,0
52,84,90,2,37.2,22,286,ADULT,0
81,109,100,6,37.5,20,209,GERIATRIC,0
52,86,100,2,38.3,16,123,PEDIATRIC,0
51,91,89,1,36.8,9,303,GERIATRIC,1
86,147,99,4,36.8,13,81,GERIATRIC,0
45,144,100,9,38.3,23,336,GERIATRIC,0
113,196,97,9,37.8,23,93,ADULT,0
81,110,97,0,36.7,22,313,ADULT,0
134,93,94,7,36.3,8,141,PEDIATRIC,0
69,126,96,10,37.4,22,325,GERIATRIC,0
53,75,97,10,37.3,14,184,PEDIATRIC,0
45,112,91,9,35.5,17,225,ADULT,0
81,81,95,8,36.6,22,350,GERIATRIC,0
62,156,95,2,38.9,18,292,ADULT,0
117,167,96,5,35.9,22,253,PEDIATRIC,0
67,115,92,2,37.3,15,367,ADULT,0
88,117,100,10,36.3,21,156,PEDIATRIC,0
106,109,95,7,38.9,22,124,ADULT,0
79,131,95,7,36.2,8,280,ADULT,0
87,128,94,8,36.4,24,299,ADULT,0
84,99,94,5,37.6,23,251,ADULT,0
45,125,96,5,36.1,17,68,ADULT,0
90,137,96,0,37.5,15,357,ADULT,0
104,155,90,3,38.7,13,84,ADULT,0
125,152,99,0,36.6,22,195,PEDIATRIC,0
45,173,98,0,36.0,14,325,PEDIATRIC,0
78,132,96,1,36.1,21,150,GERIATRIC,0
100,75,91,5,35.9,22,119,ADULT,0
97,132,94,6,37.3,15,205,ADULT,0
67,105,99,6,37.7,20,266,ADULT,0
103,123,95,3,35.9,12,258,GERIATRIC,0
82,169,100,5,36.7,13,71,ADULT,0
119,129,93,3,35.3,14,281,GERIATRIC,0
112,159,92,9,37.7,18,321,ADULT,0
74,109,100,6,38.9,20,128,ADULT,0
104,120,99,1,36.9,20,311,GERIATRIC,0
89,146,91,10,37.1,17,161,GERIATRIC,0
110,115,90,7,36.8,12,176,GERIATRIC,0
92,78,97,4,36.8,18,204,PEDIATRIC,0
62,116,96,4,35.9,20,141,ADULT,0
66,122,94,6,37.1,29,358,GERIATRIC,0
46,112,97,3,37.8,16,153,ADULT,0
49,115,94,9,39.4,21,69,GERIATRIC,0
80,117,84,10,37.2,15,125,GERIATRIC,1
104,108,97,6,36.6,16,148,ADULT,0
72,95,95,5,36.2,11,315,PEDIATRIC,0
83,148,100,2,37.1,17,137,GERIATRIC,0
156,106,90,9,36.3,26,176,ADULT,0
58,93,94,1,36.6,16,248,ADULT,0
99,119,95,7,35.3,15,264,ADULT,0
75,111,97,8,35.2,18,149,PEDIATRIC,0
82,130,98,4,37.5,15,134,ADULT,0
76,75,92,2,38.7,24,240,GERIATRIC,0
90,162,96,1,36.5,12,137,GERIATRIC,0
60,146,95,4,37.0,18,132,ADULT,0
83,128,99,8,37.2,14,135,GERIATRIC,0
82,139,98,10,37.2,19,248,ADULT,0
83,135,96,6,38.1,14,339,ADULT,0
54,154,100,9,34.6,24,253,ADULT,0
96,158,94,10,38.1,24,359,ADULT,0
87,163,100,2,35.6,11,204,ADULT,0
