amount,velocity_1h,velocity_24h,country_risk,merchant_category,device_trust,ip_risk_score,failed_pin_attempts,is_new_device,card_present,is_international_txn,user_age,billing_address_match,days_since_pwd_reset,is_fraud
89.47,1,7,LOW,LUXURY,0.518,0.439,0,1,0,1,37,1,185,0
2336.02,1,3,LOW,ELECTRONICS,0.382,0.305,0,0,0,0,42,1,31,0
242.01,0,6,LOW,LUXURY,0.889,0.578,0,0,0,1,70,1,102,0
169.33,1,6,LOW,ELECTRONICS,0.887,0.379,0,0,1,0,31,1,259,0
35.53,1,6,LOW,GROCERY,0.906,0.21,0,0,0,0,77,1,99,0
35.53,3,5,LOW,TRAVEL,0.786,0.244,0,0,1,0,64,1,339,0
15.77,1,4,MEDIUM,GROCERY,0.596,0.023,0,0,1,0,61,1,299,0
367.02,1,4,LOW,GROCERY,0.326,0.175,0,0,0,0,60,1,285,0
170.43,2,5,LOW,ELECTRONICS,0.875,0.17,0,0,1,0,60,1,266,0
226.63,1,7,MEDIUM,GROCERY,0.919,0.413,0,1,1,1,56,1,140,0
8.74,2,9,LOW,GROCERY,0.932,0.502,0,0,1,0,29,1,302,0
635.64,4,6,LOW,CRYPTO,0.655,0.483,0,1,0,1,65,1,286,0
326.56,0,4,MEDIUM,ELECTRONICS,0.914,0.426,0,0,0,0,22,1,350,0
47.96,1,5,LOW,ELECTRONICS,0.657,0.086,0,0,0,1,19,1,216,0
41.12,1,6,LOW,GAMBLING,0.91,0.366,0,0,0,1,71,1,32,0
2342.02,0,8,LOW,ELECTRONICS,0.824,0.05,0,0,1,0,33,1,303,0
70.3,3,8,LOW,TRAVEL,0.665,0.252,0,1,1,1,72,1,88,0
1555.75,1,5,LOW,GROCERY,0.669,0.431,0,0,0,0,47,1,63,0
106.8,1,3,LOW,ELECTRONICS,0.891,0.664,0,1,1,0,64,1,279,0
66.96,1,3,LOW,TRAVEL,0.634,0.168,0,1,1,0,60,1,74,0
175.35,3,7,LOW,ELECTRONICS,0.701,0.095,0,0,0,0,55,1,306,0
32.04,0,5,LOW,LUXURY,0.566,0.63,0,1,0,0,62,1,124,0
67.19,0,3,LOW,ELECTRONICS,0.898,0.339,0,0,1,0,68,1,269,0
3203.07,5,6,LOW,GROCERY,0.78,0.428,0,1,1,0,59,0,285,1
114.61,2,3,LOW,ELECTRONICS,0.197,0.225,0,0,1,0,41,1,121,0
281.83,1,5,LOW,ELECTRONICS,0.45,0.524,0,0,0,0,68,1,346,0
45.09,1,9,HIGH,TRAVEL,0.888,0.226,1,1,0,1,47,1,212,1
134.97,0,3,LOW,GROCERY,0.554,0.646,0,0,0,1,54,1,148,0
166.55,1,7,LOW,GAMBLING,0.842,0.43,0,0,1,0,74,1,78,0
13.56,1,2,LOW,GAMBLING,0.46,0.444,0,0,1,0,76,1,14,0
173.36,2,7,LOW,GROCERY,0.806,0.378,0,0,0,0,70,1,136,0
38.65,4,8,HIGH,GROCERY,0.66,0.165,0,0,1,0,56,1,304,0
17.11,1,8,LOW,TRAVEL,0.539,0.14,1,1,1,0,28,1,280,0
540.26,1,9,HIGH,GAMBLING,0.546,0.32,0,0,1,0,31,1,79,0
611.71,0,6,LOW,ELECTRONICS,0.752,0.087,0,0,1,0,40,1,243,0
302.42,2,8,MEDIUM,GROCERY,0.428,0.315,0,0,0,0,70,1,193,0
70.39,1,6,LOW,ELECTRONICS,0.732,0.372,2,0,1,0,33,1,242,0
23.5,0,8,MEDIUM,CRYPTO,0.883,0.079,0,0,0,0,67,1,51,0
212.5,3,9,LOW,GROCERY,0.52,0.168,0,1,0,1,38,0,232,0
109.42,2,5,LOW,LUXURY,0.482,0.253,0,1,1,0,72,1,259,0
4263.95,2,7,LOW,GROCERY,0.715,0.128,0,0,1,0,72,0,218,0
128.04,1,6,LOW,GROCERY,0.735,0.067,0,0,1,1,21,1,206,0
11.3,1,5,HIGH,ELECTRONICS,0.753,0.131,0,1,1,0,50,1,314,1
437.08,2,11,LOW,ELECTRONICS,0.948,0.721,0,0,1,0,71,1,311,0
3412.96,5,7,LOW,GROCERY,0.787,0.156,0,0,1,0,64,1,120,1
200.53,2,4,MEDIUM,ELECTRONICS,0.895,0.635,0,0,0,0,31,1,80,0
72.24,3,7,LOW,GROCERY,0.479,0.333,0,1,1,0,36,1,42,0
137.14,2,5,HIGH,GROCERY,0.635,0.453,0,0,1,0,76,1,21,0
147.42,2,5,MEDIUM,GROCERY,0.444,0.225,1,0,1,0,22,1,10,0
2886.4,5,7,LOW,GAMBLING,0.907,0.47,0,0,1,0,53,1,313,1
633.71,4,10,MEDIUM,ELECTRONICS,0.816,0.124,2,0,1,0,48,0,153,0
273.6,1,6,LOW,ELECTRONICS,0.647,0.444,1,0,1,1,62,0,312,0
509.92,0,5,LOW,ELECTRONICS,0.677,0.201,0,0,1,0,35,0,294,0
410.39,0,3,LOW,GAMBLING,0.519,0.188,0,0,1,0,61,1,86,0
168.99,3,10,LOW,GROCERY,0.883,0.252,0,0,0,0,48,1,113,0
463.9,2,5,MEDIUM,CRYPTO,0.847,0.393,0,0,1,0,72,1,189,0
21.68,3,5,HIGH,LUXURY,0.507,0.09,0,0,1,0,47,1,112,0
2566.78,1,1,LOW,CRYPTO,0.706,0.116,0,1,1,0,38,1,175,0
3060.14,1,3,LOW,GROCERY,0.895,0.265,0,1,1,0,64,1,310,0
75.84,5,8,HIGH,CRYPTO,0.663,0.372,0,0,1,0,47,1,302,0
93.58,2,5,LOW,GROCERY,0.597,0.347,0,0,1,0,72,1,4,0
61.98,5,11,LOW,ELECTRONICS,0.773,0.187,1,1,1,0,58,1,222,0
322.62,2,7,LOW,LUXURY,0.791,0.373,0,0,0,0,21,1,221,0
84.42,1,4,HIGH,GROCERY,0.392,0.385,2,0,1,0,22,1,171,0
64.36,1,8,LOW,TRAVEL,0.713,0.174,0,0,1,1,58,0,318,0
145.83,0,3,MEDIUM,GROCERY,0.427,0.293,2,0,0,0,62,1,213,0
32.34,0,5,MEDIUM,TRAVEL,0.726,0.21,0,1,1,0,27,0,253,0
296.69,2,4,LOW,ELECTRONICS,0.624,0.39,0,1,1,0,44,1,124,0
18.95,1,7,LOW,GROCERY,0.825,0.092,0,0,1,1,33,1,128,0
785.15,2,7,MEDIUM,GROCERY,0.673,0.174,0,0,0,0,47,1,213,0
1986.61,3,9,LOW,GAMBLING,0.865,0.363,1,0,0,0,30,1,112,1
44.88,1,4,MEDIUM,GROCERY,0.581,0.364,0,0,1,1,53,1,85,0
6.0,3,6,HIGH,GROCERY,0.711,0.191,1,0,0,1,38,1,4,0
309.18,2,2,LOW,GROCERY,0.715,0.122,0,0,1,0,62,1,65,0
225.88,1,3,MEDIUM,CRYPTO,0.821,0.294,0,0,0,0,70,1,318,0
240.02,1,4,MEDIUM,ELECTRONICS,0.503,0.35,1,1,1,0,57,1,346,0
270.54,1,3,MEDIUM,GROCERY,0.589,0.185,0,0,0,0,62,1,120,0
18.85,4,12,LOW,GROCERY,0.458,0.18,0,0,0,1,32,1,243,0
84.9,3,4,LOW,GROCERY,0.754,0.358,1,0,1,0,37,1,137,0
2459.09,2,6,LOW,GROCERY,0.836,0.469,1,0,0,1,37,1,247,0
362.94,3,8,LOW,ELECTRONICS,0.778,0.379,2,0,1,0,62,1,45,0
180.73,2,6,LOW,LUXURY,0.656,0.181,1,0,1,0,72,1,146,0
77.33,6,12,MEDIUM,GROCERY,0.56,0.181,0,0,1,0,76,1,176,0
16.82,1,5,LOW,ELECTRONICS,0.8,0.182,1,1,1,0,22,1,42,0
72.05,2,9,LOW,ELECTRONICS,0.696,0.179,0,1,0,0,71,1,297,0
75.8,0,3,LOW,GAMBLING,0.914,0.107,3,0,0,0,71,0,89,0
2933.47,1,7,MEDIUM,GAMBLING,0.555,0.346,0,0,1,0,77,1,218,0
4027.4,0,5,LOW,TRAVEL,0.697,0.265,0,0,1,0,49,1,228,0
397.81,3,6,LOW,GROCERY,0.46,0.403,0,0,1,0,23,1,298,0
120.03,3,3,LOW,GROCERY,0.615,0.164,0,0,1,0,47,1,291,0
3967.65,3,8,MEDIUM,GROCERY,0.897,0.264,0,1,1,0,43,1,67,1
229.84,6,9,LOW,GROCERY,0.597,0.289,1,0,0,0,54,1,251,0
262.47,1,5,LOW,ELECTRONICS,0.663,0.068,0,0,1,0,30,1,41,0
153.3,2,5,HIGH,LUXURY,0.811,0.365,0,0,1,0,46,1,99,0
270.3,1,12,MEDIUM,TRAVEL,0.833,0.54,0,1,1,0,22,1,306,0
127.55,2,5,HIGH,TRAVEL,0.727,0.258,0,1,1,0,42,1,342,1
138.14,3,13,LOW,ELECTRONICS,0.912,0.419,0,0,0,0,30,1,79,0
105.41,3,8,LOW,CRYPTO,0.348,0.055,0,0,0,0,41,1,301,0
9.63,1,4,MEDIUM,GROCERY,0.431,0.315,1,0,1,0,48,1,199,0
25.55,2,2,LOW,GROCERY,0.889,0.09,0,0,1,0,37,1,147,0
10.75,3,7,MEDIUM,LUXURY,0.356,0.689,0,0,1,0,72,1,106,0
1969.19,2,6,LOW,GROCERY,0.914,0.082,0,1,0,1,25,1,193,0
72.93,2,3,LOW,ELECTRONICS,0.895,0.085,0,0,0,0,77,1,122,0
132.88,2,5,LOW,GROCERY,0.705,0.219,0,1,1,0,26,1,77,0
433.63,2,6,LOW,CRYPTO,0.818,0.031,0,0,0,0,38,1,312,0
56.61,0,7,LOW,LUXURY,0.835,0.227,0,1,1,0,68,1,112,0
100.09,4,8,LOW,GROCERY,0.732,0.202,0,0,1,1,37,1,349,0
258.57,1,4,HIGH,TRAVEL,0.838,0.468,1,0,1,0,32,1,297,0
51.76,0,1,LOW,GROCERY,0.985,0.386,0,0,0,0,43,1,170,0
19.42,1,6,LOW,ELECTRONICS,0.53,0.17,0,0,1,0,71,1,6,0
66.59,3,11,MEDIUM,LUXURY,0.502,0.163,0,1,0,0,59,0,197,0
36.65,3,8,LOW,CRYPTO,0.683,0.041,1,0,0,0,28,1,98,0
482.89,2,5,LOW,GAMBLING,0.836,0.354,0,0,0,0,54,1,329,0
1723.51,0,3,MEDIUM,GROCERY,0.719,0.294,1,0,0,0,58,1,230,0
2696.33,2,8,LOW,CRYPTO,0.613,0.064,0,0,1,0,28,1,168,0
3539.04,1,5,MEDIUM,CRYPTO,0.688,0.134,0,0,0,0,44,1,297,0
298.03,3,5,MEDIUM,GAMBLING,0.435,0.511,0,0,0,0,47,1,265,0
42.17,1,3,HIGH,GROCERY,0.84,0.33,0,0,1,0,36,1,8,0
406.55,3,7,LOW,LUXURY,0.669,0.428,0,0,0,1,51,1,172,0
144.52,1,1,LOW,ELECTRONICS,0.882,0.335,0,1,1,0,55,1,195,0
301.52,3,10,LOW,GROCERY,0.762,0.117,1,1,0,0,40,1,269,0
412.56,2,6,LOW,ELECTRONICS,0.816,0.096,1,0,0,0,70,0,19,0
73.89,5,12,MEDIUM,GROCERY,0.601,0.184,0,0,1,0,18,0,354,0
25.99,0,6,LOW,ELECTRONICS,0.945,0.076,0,0,0,0,20,1,352,0
2394.51,4,9,LOW,TRAVEL,0.743,0.492,0,0,1,0,20,1,49,1
105.27,0,9,MEDIUM,ELECTRONICS,0.811,0.154,0,0,0,0,45,1,356,0
311.69,2,7,LOW,CRYPTO,0.638,0.173,0,0,0,0,31,1,338,0
359.84,1,9,LOW,ELECTRONICS,0.788,0.39,1,0,0,1,69,1,158,0
6.26,1,5,LOW,GROCERY,0.679,0.216,2,0,0,0,47,1,66,0
133.68,2,3,MEDIUM,GROCERY,0.74,0.415,0,0,0,1,75,1,347,0
102.25,0,8,LOW,ELECTRONICS,0.55,0.13,1,1,1,0,71,1,59,0
50.21,0,6,MEDIUM,GROCERY,0.819,0.191,0,0,1,1,22,1,309,0
27.98,2,5,LOW,GROCERY,0.768,0.191,0,0,0,0,66,0,308,0
79.14,3,9,MEDIUM,ELECTRONICS,0.517,0.444,0,1,1,0,32,1,337,0
2307.88,0,2,MEDIUM,GROCERY,0.621,0.341,0,0,1,0,55,1,159,0
75.27,1,4,LOW,GROCERY,0.874,0.105,0,0,1,0,31,1,271,0
136.66,2,7,LOW,ELECTRONICS,0.753,0.117,0,0,1,0,31,0,121,0
223.54,3,6,LOW,GROCERY,0.706,0.444,0,0,1,0,74,1,254,0
86.36,0,2,MEDIUM,GAMBLING,0.832,0.148,0,0,0,0,76,1,261,0
647.2,2,8,LOW,TRAVEL,0.743,0.254,2,0,0,0,66,0,135,0
3288.08,1,4,LOW,LUXURY,0.88,0.622,0,0,1,0,25,1,274,0
57.21,0,3,LOW,GROCERY,0.752,0.665,0,1,1,0,25,1,56,0
128.78,1,4,LOW,LUXURY,0.715,0.588,0,0,1,0,36,1,331,0
1734.26,3,8,LOW,TRAVEL,0.827,0.249,0,1,1,1,49,1,96,1
65.34,1,4,LOW,LUXURY,0.777,0.367,0,0,1,0,48,1,114,0
11.77,2,6,LOW,GROCERY,0.761,0.364,1,1,1,1,46,1,357,0
174.29,1,5,MEDIUM,CRYPTO,0.381,0.162,0,0,1,0,58,1,28,0
130.73,5,7,LOW,TRAVEL,0.89,0.286,2,0,1,0,28,1,306,0
14.51,1,7,LOW,ELECTRONICS,0.925,0.196,0,0,0,0,62,1,2,0
63.79,4,8,HIGH,CRYPTO,0.464,0.253,0,0,0,0,30,1,212,0
434.99,2,9,MEDIUM,ELECTRONICS,0.381,0.132,1,0,0,0,44,0,68,0
54.29,0,1,HIGH,ELECTRONICS,0.399,0.087,1,0,1,0,73,1,128,0
3319.65,1,6,LOW,GROCERY,0.61,0.389,3,1,0,0,36,1,333,0
126.01,3,6,LOW,CRYPTO,0.715,0.218,0,1,1,0,43,1,24,0
768.93,1,5,LOW,GROCERY,0.713,0.195,2,0,0,0,70,1,253,0
54.89,3,6,MEDIUM,ELECTRONICS,0.788,0.337,1,0,1,0,68,0,230,0
3622.97,3,8,LOW,GROCERY,0.751,0.266,1,0,0,0,54,1,176,1
3327.08,1,4,LOW,ELECTRONICS,0.937,0.222,0,0,0,0,65,1,221,0
53.84,0,2,LOW,GROCERY,0.738,0.149,0,1,1,0,26,1,36,0
239.49,0,2,LOW,CRYPTO,0.849,0.264,2,0,1,0,45,1,2,0
87.53,1,8,LOW,LUXURY,0.893,0.346,0,1,1,0,49,1,274,0
185.09,4,11,LOW,GROCERY,0.858,0.298,0,0,1,0,69,1,177,0
185.69,2,7,LOW,GROCERY,0.575,0.879,0,0,0,0,71,1,264,0
143.13,3,10,LOW,GROCERY,0.673,0.205,0,0,0,0,20,1,186,0
22.03,3,7,HIGH,TRAVEL,0.815,0.191,0,0,1,0,68,1,15,0
329.66,1,3,MEDIUM,ELECTRONICS,0.529,0.234,0,0,1,0,49,1,279,0
74.63,2,4,HIGH,ELECTRONICS,0.469,0.274,1,1,1,0,22,1,194,1
42.16,2,7,MEDIUM,GROCERY,0.755,0.168,0,0,1,0,25,1,198,0
1494.15,2,4,LOW,CRYPTO,0.736,0.452,0,0,1,0,31,1,349,0
165.88,2,3,LOW,TRAVEL,0.839,0.274,0,0,0,0,73,1,305,0
2211.2,2,7,LOW,TRAVEL,0.947,0.051,0,0,1,1,20,1,64,0
8.01,3,7,LOW,CRYPTO,0.586,0.032,0,0,1,0,41,1,290,0
134.17,1,8,LOW,GROCERY,0.441,0.225,0,0,1,0,30,1,18,0
3613.94,2,7,LOW,GROCERY,0.848,0.01,0,0,0,0,60,1,64,0
1406.79,2,9,LOW,GROCERY,0.851,0.257,1,1,0,0,46,0,330,0
2132.95,0,3,LOW,GROCERY,0.747,0.054,0,0,0,1,25,1,358,0
216.36,2,5,LOW,GROCERY,0.535,0.033,0,1,0,0,68,1,251,0
93.01,0,0,LOW,GROCERY,0.608,0.537,0,0,1,1,59,1,17,0
501.86,1,5,MEDIUM,ELECTRONICS,0.509,0.222,0,1,0,0,48,1,141,0
31.63,2,3,LOW,GAMBLING,0.351,0.06,0,0,0,0,43,0,308,0
80.08,1,4,LOW,CRYPTO,0.476,0.051,1,0,0,0,35,1,320,0
26.68,1,5,LOW,TRAVEL,0.754,0.502,0,1,1,0,75,1,245,0
470.51,1,5,LOW,LUXURY,0.602,0.152,0,0,1,0,35,1,290,0
382.7,4,10,LOW,GROCERY,0.223,0.048,0,0,0,0,74,1,351,0
58.7,2,7,LOW,LUXURY,0.677,0.07,0,0,0,0,24,1,87,0
199.18,0,3,LOW,GROCERY,0.778,0.541,2,1,0,1,65,1,199,0
310.91,1,5,LOW,CRYPTO,0.569,0.072,0,1,1,0,55,0,358,0
3784.58,2,4,HIGH,GROCERY,0.368,0.155,0,0,0,0,65,1,161,0
1668.93,0,3,HIGH,GAMBLING,0.604,0.271,0,0,1,0,33,1,140,0
54.84,2,5,LOW,GROCERY,0.923,0.404,0,1,1,0,72,1,76,0
22.59,1,9,LOW,GROCERY,0.664,0.342,0,0,0,0,73,1,19,0
414.52,0,4,MEDIUM,GAMBLING,0.896,0.178,0,0,1,0,77,1,330,0
3393.62,2,6,LOW,GROCERY,0.466,0.214,0,0,0,0,50,1,50,0
185.48,4,8,LOW,CRYPTO,0.864,0.277,0,0,1,0,73,1,232,0
79.53,2,5,LOW,LUXURY,0.476,0.07,0,0,0,0,68,1,295,0
1911.59,0,5,HIGH,TRAVEL,0.595,0.114,0,0,1,0,20,1,12,0
238.0,2,4,LOW,GAMBLING,0.654,0.319,2,0,1,1,55,1,335,0
414.34,2,6,LOW,GAMBLING,0.676,0.273,0,0,1,0,21,0,15,0
397.6,3,6,MEDIUM,GROCERY,0.67,0.1,1,0,0,0,53,0,28,0
2859.9,5,10,LOW,TRAVEL,0.506,0.051,0,0,0,0,21,1,292,1
189.92,2,8,LOW,CRYPTO,0.568,0.154,2,1,1,0,59,1,321,0
20.82,3,8,HIGH,CRYPTO,0.871,0.692,0,0,1,0,26,0,250,0
36.73,3,10,LOW,GROCERY,0.67,0.14,0,0,1,0,57,1,98,0
416.88,2,5,LOW,CRYPTO,0.746,0.144,0,1,0,0,68,1,303,0
172.85,4,8,LOW,GAMBLING,0.602,0.439,0,0,0,0,34,1,337,0
6.66,3,4,LOW,GAMBLING,0.656,0.087,0,0,1,0,34,1,39,0
24.26,4,11,LOW,ELECTRONICS,0.682,0.208,0,0,0,0,50,1,38,0
201.05,1,5,LOW,GROCERY,0.853,0.324,3,0,0,0,37,1,300,0
1326.53,1,6,LOW,ELECTRONICS,0.902,0.32,0,1,0,0,31,1,179,0
36.56,1,4,MEDIUM,TRAVEL,0.686,0.537,0,1,1,0,39,1,97,0
148.23,2,5,LOW,LUXURY,0.783,0.343,0,0,1,1,69,1,282,0
216.92,1,2,LOW,ELECTRONICS,0.69,0.475,0,0,1,0,44,1,238,0
194.98,1,4,LOW,GROCERY,0.404,0.105,0,0,0,0,60,1,164,0
50.71,0,9,MEDIUM,ELECTRONICS,0.687,0.153,0,0,1,0,20,0,97,0
2925.03,3,5,LOW,ELECTRONICS,0.745,0.304,0,0,1,0,41,0,257,1
53.75,3,10,LOW,GAMBLING,0.599,0.33,0,0,0,0,47,1,309,0
75.85,0,2,LOW,CRYPTO,0.557,0.422,2,0,1,1,25,1,262,0
252.02,1,6,LOW,GROCERY,0.875,0.146,0,0,1,1,39,1,293,0
193.78,2,2,LOW,ELECTRONICS,0.57,0.19,2,1,0,0,42,1,258,0
345.55,5,8,MEDIUM,GROCERY,0.54,0.587,0,0,1,0,77,0,249,0
197.93,1,11,LOW,GAMBLING,0.868,0.164,0,0,0,0,27,1,245,0
156.21,2,8,LOW,ELECTRONICS,0.726,0.36,0,0,1,0,66,1,251,0
22.7,1,8,LOW,ELECTRONICS,0.741,0.316,0,0,0,0,46,1,123,0
87.51,2,7,MEDIUM,ELECTRONICS,0.888,0.153,0,0,0,0,57,1,325,0
1937.43,1,6,LOW,CRYPTO,0.744,0.104,0,0,0,0,71,0,169,0
55.35,1,6,LOW,CRYPTO,0.857,0.109,0,0,1,0,18,1,175,0
655.22,2,4,LOW,LUXURY,0.596,0.321,0,0,1,0,69,0,269,0
94.89,2,11,LOW,GROCERY,0.529,0.188,1,1,1,0,38,1,204,0
405.69,1,7,LOW,GROCERY,0.651,0.187,0,0,1,0,56,1,325,0
184.52,1,2,LOW,GROCERY,0.83,0.133,0,0,1,0,41,0,66,0
290.09,1,6,LOW,CRYPTO,0.94,0.553,0,0,0,0,26,0,315,0
130.72,1,8,LOW,GROCERY,0.56,0.363,0,1,1,0,77,1,324,0
159.83,1,6,LOW,ELECTRONICS,0.664,0.322,0,0,0,0,61,1,59,0
127.09,4,9,LOW,TRAVEL,0.608,0.194,0,0,0,0,71,1,219,0
44.1,5,7,LOW,TRAVEL,0.986,0.246,0,1,1,0,43,1,266,0
235.72,1,4,MEDIUM,ELECTRONICS,0.48,0.511,1,0,0,1,26,1,141,0
3454.0,3,5,HIGH,ELECTRONICS,0.451,0.406,0,0,0,0,37,0,236,1
9.43,2,9,HIGH,GROCERY,0.931,0.544,0,0,1,0,73,1,218,0
191.65,3,5,MEDIUM,CRYPTO,0.626,0.265,0,0,1,0,52,0,15,0
40.09,3,5,LOW,TRAVEL,0.719,0.203,0,0,1,1,53,1,302,0
512.79,2,5,MEDIUM,GROCERY,0.517,0.581,0,0,1,0,59,1,138,0
558.96,0,2,LOW,ELECTRONICS,0.578,0.199,0,1,1,1,53,0,232,0
448.43,0,4,LOW,TRAVEL,0.831,0.261,0,0,1,0,71,1,89,0
4132.1,3,7,LOW,TRAVEL,0.682,0.242,0,0,0,1,26,1,77,1
7.8,2,5,LOW,GROCERY,0.377,0.457,0,0,0,0,39,1,136,0
479.39,1,4,MEDIUM,ELECTRONICS,0.852,0.348,0,1,1,0,18,1,110,0
105.61,2,12,LOW,GROCERY,0.841,0.264,0,0,0,1,22,1,353,0
2160.71,3,8,LOW,GROCERY,0.893,0.508,0,0,1,1,26,1,301,1
601.47,0,5,HIGH,GAMBLING,0.652,0.13,0,0,1,0,54,1,91,0
350.13,2,5,LOW,TRAVEL,0.618,0.582,0,0,0,0,55,1,190,0
67.78,0,5,LOW,LUXURY,0.593,0.641,1,0,0,0,36,1,73,0
92.53,0,4,HIGH,GROCERY,0.832,0.229,1,0,0,0,25,1,173,0
347.85,2,4,LOW,TRAVEL,0.65,0.272,0,0,0,0,59,1,35,0
3398.8,1,7,LOW,ELECTRONICS,0.642,0.126,0,1,0,1,60,1,210,0
38.43,0,3,LOW,GROCERY,0.642,0.501,0,0,1,0,49,1,298,0
151.47,1,6,LOW,ELECTRONICS,0.589,0.604,0,0,1,0,30,1,133,0
500.23,2,5,MEDIUM,GROCERY,0.486,0.242,0,1,1,0,37,1,283,0
4382.93,3,9,LOW,LUXURY,0.95,0.432,0,1,0,0,53,1,198,1
156.94,3,6,LOW,ELECTRONICS,0.804,0.3,0,0,0,0,60,1,32,0
23.4,3,5,LOW,GROCERY,0.842,0.159,0,1,1,0,61,1,136,0
176.82,2,7,LOW,GROCERY,0.68,0.247,0,0,1,0,54,1,248,0
834.9,1,7,HIGH,GROCERY,0.861,0.293,0,0,1,0,47,1,359,0
32.17,1,2,LOW,GROCERY,0.849,0.52,0,1,1,0,27,0,341,0
136.49,2,8,LOW,ELECTRONICS,0.532,0.592,0,0,1,0,48,0,146,0
382.75,3,5,LOW,TRAVEL,0.466,0.417,0,0,1,1,42,1,334,0
248.01,1,3,LOW,GROCERY,0.394,0.092,0,0,0,0,46,1,143,0
219.93,5,7,HIGH,GROCERY,0.683,0.518,0,0,1,0,41,1,234,0
223.21,0,3,LOW,ELECTRONICS,0.783,0.574,0,0,0,0,56,1,44,0
1374.61,1,6,LOW,TRAVEL,0.446,0.103,0,0,1,0,38,1,32,0
67.56,3,9,LOW,GROCERY,0.819,0.101,0,1,1,0,58,1,231,0
303.33,1,3,MEDIUM,GROCERY,0.6,0.355,0,0,0,0,26,0,28,0
4626.22,1,4,LOW,ELECTRONICS,0.81,0.511,0,0,0,0,59,0,160,0
368.23,2,11,MEDIUM,GROCERY,0.883,0.444,0,1,0,0,59,1,333,0
445.03,2,6,LOW,GROCERY,0.662,0.113,0,0,0,0,19,1,207,0
133.9,5,11,MEDIUM,LUXURY,0.702,0.286,0,0,0,1,21,1,18,0
130.31,1,6,LOW,CRYPTO,0.898,0.195,0,0,0,0,25,1,103,0
293.17,5,8,LOW,ELECTRONICS,0.709,0.121,0,0,0,1,49,1,70,0
193.95,1,3,LOW,LUXURY,0.829,0.283,0,0,0,0,31,1,119,0
2771.72,1,7,LOW,CRYPTO,0.703,0.569,0,0,1,0,66,1,139,0
290.95,3,8,HIGH,GROCERY,0.763,0.395,0,0,0,0,30,1,160,0
402.32,1,1,MEDIUM,ELECTRONICS,0.619,0.051,0,0,0,0,38,1,232,0
79.25,5,12,LOW,GROCERY,0.573,0.068,0,0,1,0,41,1,148,0
89.77,2,5,LOW,GROCERY,0.947,0.252,0,1,1,0,67,1,353,0
22.77,1,4,LOW,CRYPTO,0.591,0.328,0,0,1,0,35,1,243,0
160.41,0,5,MEDIUM,TRAVEL,0.572,0.354,2,0,0,0,62,1,35,0
11.59,0,2,LOW,GAMBLING,0.76,0.28,0,0,1,1,57,1,325,0
2975.03,4,14,LOW,CRYPTO,0.545,0.074,1,1,1,0,43,1,355,1
145.81,2,3,LOW,GROCERY,0.539,0.02,0,0,1,0,49,1,239,0
65.77,1,6,LOW,GROCERY,0.981,0.095,0,1,1,0,61,1,334,0
165.85,2,4,LOW,TRAVEL,0.928,0.218,0,0,1,0,74,1,149,0
10.58,0,2,LOW,ELECTRONICS,0.769,0.615,0,1,1,0,72,1,111,0
11.85,2,5,LOW,CRYPTO,0.851,0.238,0,0,1,0,73,0,17,0
316.28,1,8,HIGH,LUXURY,0.697,0.072,0,0,1,0,70,1,226,0
85.39,2,4,LOW,LUXURY,0.938,0.458,0,0,1,0,50,1,140,0
29.46,0,4,LOW,TRAVEL,0.696,0.459,0,0,1,0,69,0,144,0
137.96,0,6,LOW,GROCERY,0.825,0.208,0,0,0,0,48,1,260,0
269.54,1,4,MEDIUM,LUXURY,0.727,0.265,0,0,1,1,35,1,217,0
1761.05,1,6,LOW,TRAVEL,0.962,0.194,0,0,0,0,52,1,162,0
180.54,4,9,LOW,GROCERY,0.73,0.236,0,0,1,0,29,1,92,0
21.06,2,5,LOW,CRYPTO,0.964,0.595,0,0,1,1,68,1,174,0
14.55,0,5,LOW,GROCERY,0.778,0.21,0,0,0,0,42,1,331,0
141.42,2,5,LOW,GAMBLING,0.781,0.115,0,0,1,0,62,1,205,0
145.02,1,5,MEDIUM,GROCERY,0.85,0.282,0,0,0,0,48,1,153,0
187.62,3,9,MEDIUM,ELECTRONICS,0.937,0.252,0,0,0,0,27,1,103,0
1928.68,2,5,LOW,GROCERY,0.753,0.129,0,0,0,1,64,1,202,0
675.24,2,5,LOW,LUXURY,0.392,0.086,1,0,0,0,69,1,280,0
135.73,1,3,HIGH,GROCERY,0.816,0.46,0,0,0,0,51,1,65,0
75.2,0,4,LOW,GROCERY,0.618,0.248,2,0,1,0,68,1,117,0
290.42,4,13,MEDIUM,ELECTRONICS,0.952,0.172,3,0,1,1,20,1,153,0
61.85,0,6,LOW,GAMBLING,0.764,0.332,0,0,0,0,63,1,156,0
109.04,3,9,HIGH,GROCERY,0.897,0.672,0,1,1,0,56,1,164,1
19.71,1,6,MEDIUM,GROCERY,0.975,0.278,0,0,0,1,25,1,82,0
9.62,2,3,HIGH,LUXURY,0.931,0.203,0,0,0,0,49,1,6,0
596.73,1,1,LOW,ELECTRONICS,0.529,0.28,0,0,0,0,60,1,322,0
330.4,5,15,LOW,GAMBLING,0.939,0.267,0,0,1,0,46,1,67,0
219.32,2,5,HIGH,GROCERY,0.855,0.379,0,0,1,0,39,1,238,0
99.65,1,4,LOW,CRYPTO,0.967,0.415,0,0,0,0,37,1,72,0
2384.2,4,8,LOW,GROCERY,0.931,0.122,1,1,0,0,23,1,95,1
4254.61,2,4,MEDIUM,GROCERY,0.89,0.614,0,1,0,0,60,1,304,0
56.84,1,5,MEDIUM,CRYPTO,0.975,0.335,0,0,1,0,66,1,326,0
148.42,3,4,HIGH,ELECTRONICS,0.636,0.414,1,0,1,0,46,1,78,0
230.69,0,3,LOW,LUXURY,0.34,0.456,0,0,0,0,59,1,67,0
199.29,1,7,MEDIUM,GROCERY,0.705,0.184,0,0,1,0,73,0,176,0
64.11,0,1,MEDIUM,ELECTRONICS,0.563,0.441,0,1,0,1,34,1,321,0
562.66,0,2,LOW,ELECTRONICS,0.917,0.133,0,0,1,0,48,1,172,0
246.02,3,4,LOW,GAMBLING,0.696,0.058,0,0,1,1,70,1,255,0
150.48,3,5,LOW,GROCERY,0.8,0.161,2,0,1,0,51,1,63,0
175.29,1,7,LOW,GROCERY,0.94,0.107,0,0,1,0,55,1,302,0
102.93,2,5,HIGH,ELECTRONICS,0.865,0.189,0,1,1,0,74,1,246,1
56.24,0,4,LOW,ELECTRONICS,0.752,0.428,0,0,0,0,54,1,192,0
84.2,0,4,MEDIUM,GROCERY,0.676,0.27,0,0,0,0,21,0,329,0
3190.76,3,6,HIGH,GAMBLING,0.366,0.032,1,0,1,0,19,1,71,1
2662.13,1,3,LOW,GROCERY,0.529,0.568,1,1,0,1,29,1,229,0
27.21,0,3,MEDIUM,TRAVEL,0.915,0.211,0,0,0,0,52,1,63,0
13.48,3,7,LOW,GROCERY,0.717,0.257,0,1,1,0,23,0,297,0
12.48,0,4,MEDIUM,CRYPTO,0.699,0.425,0,0,1,1,73,1,245,0
3110.98,4,5,LOW,GAMBLING,0.783,0.705,0,1,1,1,63,1,7,1
223.92,4,10,HIGH,GROCERY,0.868,0.196,0,0,1,1,25,1,260,0
2053.21,2,6,LOW,GAMBLING,0.862,0.552,0,0,1,0,38,1,89,0
23.53,1,6,LOW,ELECTRONICS,0.914,0.192,2,0,0,0,70,1,177,0
126.77,3,5,MEDIUM,GAMBLING,0.891,0.455,0,0,1,0,75,1,204,0
120.46,0,8,LOW,CRYPTO,0.242,0.389,1,0,1,0,63,1,134,0
39.24,2,7,LOW,GROCERY,0.845,0.202,0,1,0,0,52,1,82,0
107.4,4,11,LOW,GROCERY,0.745,0.348,0,0,0,0,65,1,21,0
96.5,2,6,MEDIUM,GROCERY,0.707,0.543,1,0,0,0,32,1,128,0
177.21,4,8,LOW,GROCERY,0.868,0.421,0,0,1,0,24,1,195,0
186.46,3,9,LOW,GROCERY,0.73,0.432,1,0,1,0,32,1,194,0
13.35,0,6,LOW,GROCERY,0.885,0.298,0,1,1,0,62,1,184,0
3848.73,0,5,LOW,ELECTRONICS,0.896,0.234,0,0,1,0,23,1,247,0
181.96,2,5,LOW,LUXURY,0.572,0.423,1,1,0,0,64,0,324,0
130.9,4,10,LOW,GROCERY,0.543,0.512,0,1,1,0,34,1,160,0
354.44,1,3,LOW,GROCERY,0.536,0.042,1,0,1,0,21,1,194,0
198.5,4,8,LOW,CRYPTO,0.98,0.216,2,0,0,0,39,1,110,0
37.01,0,5,LOW,GROCERY,0.966,0.44,0,1,1,0,49,1,66,0
18.17,1,3,MEDIUM,GROCERY,0.685,0.212,0,0,0,0,76,1,254,0
190.11,3,7,LOW,GROCERY,0.675,0.365,0,0,1,1,39,1,283,0
9.84,2,11,LOW,GAMBLING,0.747,0.235,0,0,1,0,44,1,60,0
163.64,3,3,LOW,TRAVEL,0.619,0.288,0,0,1,0,63,1,118,0
512.11,2,6,LOW,ELECTRONICS,0.888,0.123,0,1,1,0,32,0,44,0
159.22,0,1,MEDIUM,CRYPTO,0.956,0.242,0,0,0,0,77,0,210,0
93.43,1,5,LOW,ELECTRONICS,0.874,0.639,0,0,1,0,61,1,36,0
3565.0,1,5,LOW,CRYPTO,0.874,0.423,0,1,0,0,68,0,19,0
115.33,2,6,LOW,CRYPTO,0.873,0.47,0,0,1,0,39,0,91,0
146.99,0,3,LOW,CRYPTO,0.613,0.5,0,0,1,0,45,1,301,0
515.86,3,8,LOW,GROCERY,0.736,0.151,2,0,1,0,59,1,212,0
92.83,4,8,LOW,GROCERY,0.826,0.675,0,0,0,0,55,1,222,0
589.84,2,4,LOW,ELECTRONICS,0.903,0.402,0,0,1,0,77,1,217,0
429.36,3,11,HIGH,TRAVEL,0.838,0.033,0,0,1,0,74,1,223,0
44.22,3,8,LOW,ELECTRONICS,0.855,0.374,0,0,1,0,26,1,98,0
17.94,3,10,LOW,TRAVEL,0.932,0.255,2,0,0,0,51,1,19,0
24.12,2,5,HIGH,GAMBLING,0.624,0.497,0,0,0,0,53,1,297,0
8.31,2,6,MEDIUM,GROCERY,0.676,0.578,0,1,0,0,26,1,26,0
22.86,0,2,LOW,CRYPTO,0.47,0.336,0,0,1,0,32,1,28,0
211.8,3,6,MEDIUM,CRYPTO,0.784,0.224,0,1,1,0,62,1,64,0
18.29,2,3,MEDIUM,GAMBLING,0.907,0.089,0,1,1,0,37,0,324,0
74.15,1,6,LOW,GAMBLING,0.657,0.313,0,0,0,0,25,1,223,0
2281.63,0,5,LOW,CRYPTO,0.882,0.463,0,1,0,0,75,0,80,0
9.24,1,7,LOW,GROCERY,0.497,0.143,0,0,1,0,45,1,51,0
308.22,5,9,HIGH,LUXURY,0.672,0.309,1,1,1,1,68,1,102,1
64.6,1,3,LOW,GROCERY,0.929,0.772,0,0,1,0,36,1,176,0
27.64,2,8,LOW,LUXURY,0.607,0.151,0,0,1,0,74,0,10,0
219.77,2,7,MEDIUM,GAMBLING,0.369,0.617,0,0,1,0,33,0,237,0
183.45,1,3,LOW,ELECTRONICS,0.682,0.222,0,0,1,0,28,1,100,0
382.89,0,5,LOW,CRYPTO,0.839,0.222,2,0,1,1,59,1,228,0
244.09,0,4,LOW,ELECTRONICS,0.467,0.401,0,0,1,0,25,1,64,0
297.86,2,5,LOW,ELECTRONICS,0.822,0.089,0,0,0,0,50,1,19,0
64.64,2,8,MEDIUM,GROCERY,0.823,0.367,0,0,0,0,27,1,332,0
1323.93,3,6,LOW,LUXURY,0.716,0.127,0,0,0,0,35,1,318,1
254.98,3,6,MEDIUM,GAMBLING,0.81,0.1,0,0,1,0,52,0,141,0
300.96,0,7,LOW,GAMBLING,0.786,0.634,0,0,0,0,60,0,25,0
4247.94,2,6,LOW,GROCERY,0.522,0.202,0,0,0,0,67,1,228,0
100.77,2,5,HIGH,TRAVEL,0.828,0.294,0,1,0,0,20,1,89,1
88.74,1,6,LOW,LUXURY,0.729,0.706,0,1,1,1,57,0,92,0
2788.59,3,8,LOW,GROCERY,0.663,0.382,0,0,0,0,44,1,42,1
80.01,0,4,LOW,GROCERY,0.385,0.485,1,0,1,0,76,1,295,0
4975.31,1,9,MEDIUM,GROCERY,0.393,0.3,0,0,0,1,45,1,81,0
356.87,2,6,LOW,GAMBLING,0.667,0.472,1,0,0,0,63,1,107,0
105.86,2,5,LOW,CRYPTO,0.681,0.12,0,0,1,1,23,1,111,0
255.16,1,6,LOW,LUXURY,0.841,0.337,0,1,0,0,64,1,277,0
2220.38,1,11,LOW,GROCERY,0.88,0.325,0,0,0,0,31,1,214,0
24.59,0,6,MEDIUM,LUXURY,0.772,0.205,0,0,0,0,24,0,231,0
424.12,1,4,LOW,GROCERY,0.822,0.349,0,0,1,0,27,1,306,0
131.67,2,4,LOW,ELECTRONICS,0.883,0.324,0,0,1,0,32,0,121,0
320.24,1,3,LOW,CRYPTO,0.693,0.249,0,0,0,0,48,1,134,0
74.43,4,6,LOW,GROCERY,0.745,0.072,0,0,0,0,46,1,306,0
411.58,1,6,HIGH,TRAVEL,0.655,0.412,0,0,1,0,59,1,208,0
4117.54,3,5,LOW,GROCERY,0.615,0.176,0,1,1,0,71,1,257,1
6.96,1,6,HIGH,CRYPTO,0.73,0.181,0,0,1,0,34,1,185,0
429.42,3,4,LOW,ELECTRONICS,0.721,0.2,0,1,1,1,76,1,286,0
2590.49,0,3,LOW,ELECTRONICS,0.683,0.453,0,0,1,0,68,1,180,0
74.24,0,4,MEDIUM,GROCERY,0.895,0.545,0,0,1,0,46,1,48,0
1787.67,1,3,LOW,GROCERY,0.875,0.166,0,0,1,0,66,1,87,0
546.43,3,8,MEDIUM,GAMBLING,0.745,0.368,1,0,1,1,61,1,19,0
158.36,2,5,HIGH,GROCERY,0.435,0.161,0,0,0,1,32,1,46,0
184.86,2,7,LOW,TRAVEL,0.908,0.225,0,0,1,0,43,1,56,0
1377.15,2,4,LOW,GAMBLING,0.859,0.072,0,0,1,1,29,1,229,0
67.46,4,9,MEDIUM,GROCERY,0.798,0.051,0,0,0,0,42,1,145,0
1969.42,2,4,LOW,GROCERY,0.76,0.346,1,0,1,1,58,0,92,0
205.94,3,7,LOW,CRYPTO,0.558,0.18,1,0,1,0,22,0,82,0
256.25,1,7,LOW,GAMBLING,0.725,0.231,0,0,1,0,21,0,225,0
287.28,1,5,LOW,GAMBLING,0.788,0.343,0,1,1,0,61,1,79,0
285.59,2,10,MEDIUM,ELECTRONICS,0.723,0.256,0,0,1,0,65,1,150,0
22.21,2,6,LOW,LUXURY,0.589,0.222,0,0,0,0,58,1,283,0
127.77,2,7,LOW,GROCERY,0.636,0.398,0,0,1,0,74,1,311,0
15.67,2,8,LOW,GAMBLING,0.341,0.066,0,0,1,1,48,1,160,0
148.54,0,6,LOW,GAMBLING,0.44,0.458,0,0,0,0,20,1,316,0
109.86,3,8,LOW,GROCERY,0.968,0.202,0,1,0,0,70,1,156,0
398.59,0,6,MEDIUM,GROCERY,0.658,0.281,0,0,1,0,20,1,156,0
82.79,3,7,LOW,GROCERY,0.94,0.384,0,1,0,0,43,1,202,0
27.41,2,6,MEDIUM,GROCERY,0.598,0.185,0,0,1,0,67,0,341,0
32.78,2,5,MEDIUM,TRAVEL,0.845,0.371,1,0,0,0,34,1,342,0
263.02,4,8,LOW,ELECTRONICS,0.627,0.236,0,0,0,0,77,1,117,0
178.32,0,5,LOW,GROCERY,0.726,0.029,0,0,1,0,27,1,154,0
24.19,3,5,LOW,GROCERY,0.837,0.054,1,0,0,0,19,1,331,0
2006.82,3,10,LOW,GAMBLING,0.39,0.333,1,0,1,1,41,1,119,1
222.3,1,3,MEDIUM,CRYPTO,0.844,0.113,0,0,1,0,28,1,199,0
18.6,2,7,MEDIUM,ELECTRONICS,0.598,0.232,0,1,0,1,41,1,263,0
315.53,2,4,LOW,GROCERY,0.943,0.147,0,0,0,0,52,0,184,0
225.5,4,8,LOW,GAMBLING,0.979,0.401,0,1,0,0,40,1,148,0
20.27,3,7,HIGH,TRAVEL,0.594,0.421,0,0,0,1,49,1,166,0
20.96,2,8,HIGH,GROCERY,0.675,0.11,1,0,1,0,40,1,75,0
781.78,0,4,LOW,GROCERY,0.927,0.16,0,1,1,0,51,1,236,0
89.39,4,7,LOW,GROCERY,0.835,0.204,0,1,0,0,58,1,314,0
88.35,1,5,LOW,GROCERY,0.725,0.248,0,1,1,0,36,1,272,0
306.6,4,10,HIGH,ELECTRONICS,0.705,0.021,0,0,0,0,19,1,179,0
534.59,3,10,LOW,GAMBLING,0.29,0.315,0,0,0,0,77,1,283,0
773.38,2,7,LOW,ELECTRONICS,0.339,0.033,0,0,0,1,68,1,51,0
256.98,1,6,LOW,TRAVEL,0.505,0.175,0,0,1,0,19,1,75,0
89.96,1,8,LOW,ELECTRONICS,0.628,0.201,0,0,1,0,32,1,144,0
20.69,1,4,LOW,LUXURY,0.878,0.059,0,1,1,0,73,1,343,0
275.22,1,3,HIGH,LUXURY,0.924,0.167,0,1,0,0,38,1,188,1
4001.54,3,10,LOW,GROCERY,0.723,0.18,1,0,0,1,52,0,123,1
104.37,4,11,LOW,ELECTRONICS,0.71,0.453,0,0,1,0,22,1,332,0
431.28,2,7,LOW,CRYPTO,0.603,0.426,3,1,1,0,60,1,251,0
26.22,0,6,LOW,GROCERY,0.366,0.06,0,0,1,1,44,1,296,0
127.13,1,6,LOW,ELECTRONICS,0.865,0.432,0,0,0,0,41,1,323,0
7.06,2,6,LOW,ELECTRONICS,0.712,0.084,0,0,0,0,24,1,130,0
118.82,3,6,LOW,GAMBLING,0.852,0.131,0,0,1,0,23,1,252,0
15.43,1,8,LOW,ELECTRONICS,0.657,0.118,1,1,1,0,63,1,358,0
27.77,3,9,LOW,TRAVEL,0.72,0.607,1,0,1,0,50,1,180,0
27.5,3,7,LOW,ELECTRONICS,0.509,0.261,0,0,1,0,75,1,349,0
193.56,3,7,HIGH,LUXURY,0.729,0.249,0,0,1,0,66,1,110,0
251.71,3,6,HIGH,ELECTRONICS,0.888,0.293,0,1,1,0,34,1,338,1
2558.5,2,7,LOW,TRAVEL,0.562,0.18,1,1,1,0,63,1,78,0
594.45,1,5,LOW,ELECTRONICS,0.818,0.159,0,0,1,0,59,1,2,0
89.56,3,6,HIGH,CRYPTO,0.572,0.066,0,0,1,0,47,0,321,0
65.56,3,8,LOW,CRYPTO,0.355,0.474,0,0,0,1,25,1,276,0
370.31,0,5,MEDIUM,ELECTRONICS,0.682,0.581,0,0,0,0,57,0,290,0
50.55,4,10,HIGH,GROCERY,0.842,0.203,1,0,1,0,63,1,297,0
599.52,1,4,LOW,GROCERY,0.944,0.347,0,0,1,0,24,1,169,0
4378.73,2,6,LOW,GROCERY,0.667,0.68,0,0,1,0,23,0,240,0
635.45,1,5,HIGH,TRAVEL,0.805,0.145,0,0,0,0,21,1,23,0
12.94,1,6,LOW,GROCERY,0.828,0.166,0,0,0,0,18,1,294,0
404.19,2,4,LOW,GROCERY,0.759,0.492,0,1,1,0,32,1,172,0
140.03,1,2,LOW,LUXURY,0.749,0.039,0,0,0,0,48,1,323,0
897.23,5,7,LOW,GROCERY,0.802,0.279,2,0,0,0,42,1,318,0
18.8,0,6,LOW,ELECTRONICS,0.55,0.462,0,1,0,0,64,1,286,0
150.28,2,11,MEDIUM,GROCERY,0.934,0.09,0,0,1,0,50,1,343,0
632.04,4,7,HIGH,GAMBLING,0.763,0.239,0,0,0,0,69,0,193,0
138.28,2,7,LOW,TRAVEL,0.959,0.501,0,0,1,0,52,1,169,0
183.67,0,3,LOW,TRAVEL,0.862,0.155,2,0,1,0,72,1,118,0
219.18,5,8,LOW,ELECTRONICS,0.626,0.096,0,0,1,0,22,1,6,0
114.1,1,6,LOW,LUXURY,0.919,0.255,0,0,1,0,22,1,331,0
1983.14,4,7,LOW,GROCERY,0.898,0.376,0,1,0,0,53,1,132,1
163.01,3,6,HIGH,GROCERY,0.514,0.323,0,0,0,0,34,1,93,0
4005.04,1,3,MEDIUM,GROCERY,0.502,0.318,0,0,0,1,70,1,251,0
3688.24,0,4,LOW,ELECTRONICS,0.363,0.704,1,0,1,0,69,1,10,0
64.37,2,7,LOW,ELECTRONICS,0.758,0.14,0,0,0,0,31,1,51,0
545.72,4,11,LOW,ELECTRONICS,0.592,0.206,0,0,0,0,75,1,349,0
402.74,0,4,LOW,GROCERY,0.876,0.407,0,0,1,0,46,1,294,0
114.47,1,5,LOW,ELECTRONICS,0.929,0.223,0,0,0,0,25,1,129,0
179.23,1,5,LOW,LUXURY,0.66,0.415,0,0,0,0,51,1,249,0
63.48,0,2,HIGH,ELECTRONICS,0.633,0.7,1,0,1,0,57,1,102,0
42.51,2,6,LOW,LUXURY,0.628,0.174,0,0,1,0,18,0,337,0
117.15,1,4,LOW,GROCERY,0.885,0.27,0,1,0,0,46,1,83,0
83.47,2,7,MEDIUM,TRAVEL,0.863,0.353,0,0,0,0,53,0,191,0
162.72,1,6,LOW,ELECTRONICS,0.713,0.166,1,0,1,0,68,1,143,0
19.57,0,3,LOW,GROCERY,0.842,0.117,0,1,0,0,54,1,237,0
664.69,1,4,LOW,GROCERY,0.942,0.359,1,0,1,0,46,1,287,0
776.1,0,4,LOW,CRYPTO,0.789,0.322,0,0,0,1,22,1,277,0
