tenure_months,monthly_charges,weekly_usage_hours,features_adopted,support_tickets_30d,nps_score,contract_type,has_tech_support,has_auto_renew,payment_method,churn
20,42.56,21.8,7,1,0,ONE_YEAR,0,0,CREDIT_CARD,0
24,24.29,16.5,12,1,8,MONTH_TO_MONTH,0,0,BANK_TRANSFER,0
61,112.34,19.3,1,1,10,MONTH_TO_MONTH,1,1,CREDIT_CARD,0
41,27.79,13.9,3,2,6,MONTH_TO_MONTH,1,1,CREDIT_CARD,0
42,25.4,26.5,5,1,6,TWO_YEAR,0,1,ELECTRONIC_CHECK,0
58,31.69,20.2,4,2,8,ONE_YEAR,0,1,ELECTRONIC_CHECK,0
8,26.43,14.9,13,2,7,MONTH_TO_MONTH,0,1,CREDIT_CARD,0
2,62.73,18.5,12,2,9,ONE_YEAR,0,1,CREDIT_CARD,0
49,60.56,13.5,8,1,8,ONE_YEAR,0,1,CREDIT_CARD,0
15,23.24,18.0,11,5,5,MONTH_TO_MONTH,0,0,ELECTRONIC_CHECK,1
20,113.6,0.9,5,1,8,TWO_YEAR,1,1,BANK_TRANSFER,0
10,112.55,8.9,13,1,1,ONE_YEAR,1,1,CREDIT_CARD,1
31,35.26,16.2,14,1,0,MONTH_TO_MONTH,0,0,CREDIT_CARD,0
37,109.07,0.5,9,2,0,TWO_YEAR,0,1,CREDIT_CARD,1
53,72.17,24.1,3,2,4,ONE_YEAR,1,1,ELECTRONIC_CHECK,0
21,75.25,1.2,12,2,0,TWO_YEAR,0,1,BANK_TRANSFER,1
10,33.39,9.1,8,1,8,MONTH_TO_MONTH,1,0,BANK_TRANSFER,0
44,103.37,0.6,3,1,4,ONE_YEAR,0,0,ELECTRONIC_CHECK,1
53,52.89,0.5,3,5,9,MONTH_TO_MONTH,0,1,CREDIT_CARD,1
68,103.47,21.1,2,1,1,MONTH_TO_MONTH,0,1,CREDIT_CARD,1
4,50.35,22.9,7,1,5,TWO_YEAR,0,1,BANK_TRANSFER,0
50,102.26,16.0,11,2,7,MONTH_TO_MONTH,1,0,CREDIT_CARD,0
53,106.22,11.7,4,0,5,MONTH_TO_MONTH,1,1,CREDIT_CARD,0
11,102.14,25.7,6,1,9,MONTH_TO_MONTH,1,0,ELECTRONIC_CHECK,1
59,112.09,7.6,14,0,3,TWO_YEAR,0,0,BANK_TRANSFER,1
10,34.54,14.8,8,1,5,ONE_YEAR,1,0,CREDIT_CARD,0
68,23.43,10.2,7,2,0,TWO_YEAR,0,1,CREDIT_CARD,0
11,74.85,9.8,10,1,5,TWO_YEAR,1,1,ELECTRONIC_CHECK,1
10,53.94,0.9,3,1,2,MONTH_TO_MONTH,0,1,ELECTRONIC_CHECK,1
71,83.52,26.4,10,1,10,MONTH_TO_MONTH,1,1,ELECTRONIC_CHECK,0
70,91.92,23.2,12,0,0,ONE_YEAR,1,1,ELECTRONIC_CHECK,0
38,108.36,17.4,3,2,4,MONTH_TO_MONTH,1,1,BANK_TRANSFER,0
23,33.43,16.2,13,2,7,MONTH_TO_MONTH,0,1,ELECTRONIC_CHECK,0
4,75.78,8.7,8,1,9,MONTH_TO_MONTH,0,0,CREDIT_CARD,1
19,89.97,19.4,6,2,1,MONTH_TO_MONTH,1,1,BANK_TRANSFER,0
24,42.41,9.4,8,1,2,ONE_YEAR,0,0,CREDIT_CARD,0
43,54.01,13.5,7,1,2,MONTH_TO_MONTH,1,1,ELECTRONIC_CHECK,0
47,76.61,19.7,5,2,3,TWO_YEAR,1,1,CREDIT_CARD,0
59,113.31,7.3,13,0,3,MONTH_TO_MONTH,0,0,ELECTRONIC_CHECK,1
40,89.96,15.3,4,1,1,TWO_YEAR,0,0,ELECTRONIC_CHECK,1
13,85.95,6.9,12,1,3,MONTH_TO_MONTH,1,1,CREDIT_CARD,0
24,59.06,19.9,13,0,7,MONTH_TO_MONTH,0,1,ELECTRONIC_CHECK,0
46,43.28,4.5,7,2,3,MONTH_TO_MONTH,0,1,ELECTRONIC_CHECK,0
52,25.83,26.3,5,3,10,TWO_YEAR,0,1,BANK_TRANSFER,0
54,95.4,22.6,10,3,5,MONTH_TO_MONTH,0,1,ELECTRONIC_CHECK,1
8,24.57,33.0,6,1,3,MONTH_TO_MONTH,1,1,CREDIT_CARD,0
59,102.93,6.5,6,1,5,TWO_YEAR,0,1,BANK_TRANSFER,1
30,20.26,6.2,7,2,4,MONTH_TO_MONTH,1,0,CREDIT_CARD,0
64,33.45,1.5,13,0,4,ONE_YEAR,0,1,BANK_TRANSFER,1
54,20.44,15.9,8,0,6,MONTH_TO_MONTH,0,1,ELECTRONIC_CHECK,0
27,42.44,9.9,14,3,3,MONTH_TO_MONTH,1,0,CREDIT_CARD,1
29,74.39,11.4,10,1,2,MONTH_TO_MONTH,0,0,ELECTRONIC_CHECK,0
54,69.39,6.4,1,2,10,ONE_YEAR,1,1,ELECTRONIC_CHECK,0
5,114.11,12.5,5,1,2,ONE_YEAR,1,1,CREDIT_CARD,1
8,81.94,11.8,12,1,1,ONE_YEAR,1,1,ELECTRONIC_CHECK,1
4,99.3,6.3,2,2,2,MONTH_TO_MONTH,1,0,ELECTRONIC_CHECK,1
29,64.77,21.4,2,0,8,MONTH_TO_MONTH,1,0,CREDIT_CARD,0
7,30.43,19.5,4,1,8,MONTH_TO_MONTH,0,0,CREDIT_CARD,0
55,75.9,16.5,12,0,2,MONTH_TO_MONTH,1,0,CREDIT_CARD,0
27,78.73,11.5,5,0,1,MONTH_TO_MONTH,1,1,BANK_TRANSFER,0
39,35.66,8.8,13,1,4,MONTH_TO_MONTH,1,1,BANK_TRANSFER,0
48,26.55,10.5,13,0,6,MONTH_TO_MONTH,0,1,CREDIT_CARD,0
30,83.58,21.1,9,0,3,TWO_YEAR,0,1,ELECTRONIC_CHECK,0
52,33.31,14.4,6,3,6,MONTH_TO_MONTH,0,1,ELECTRONIC_CHECK,1
54,31.03,20.6,2,1,3,TWO_YEAR,0,1,CREDIT_CARD,0
35,22.62,18.4,5,1,10,MONTH_TO_MONTH,0,1,ELECTRONIC_CHECK,0
61,90.28,20.0,8,1,4,ONE_YEAR,0,1,ELECTRONIC_CHECK,1
21,114.61,7.1,1,0,10,ONE_YEAR,0,0,ELECTRONIC_CHECK,1
52,90.86,22.8,3,1,2,TWO_YEAR,1,0,BANK_TRANSFER,0
71,66.37,0.5,2,2,6,TWO_YEAR,0,0,CREDIT_CARD,0
43,79.51,0.5,2,3,8,MONTH_TO_MONTH,1,0,CREDIT_CARD,1
17,63.77,21.6,1,0,7,MONTH_TO_MONTH,0,0,CREDIT_CARD,0
59,53.57,15.1,5,1,10,MONTH_TO_MONTH,1,1,BANK_TRANSFER,0
67,92.58,12.2,5,0,1,MONTH_TO_MONTH,0,0,ELECTRONIC_CHECK,1
54,96.88,27.8,14,2,3,MONTH_TO_MONTH,0,0,ELECTRONIC_CHECK,1
54,59.77,26.2,1,2,9,MONTH_TO_MONTH,0,1,BANK_TRANSFER,0
7,96.09,18.2,9,2,0,ONE_YEAR,1,0,CREDIT_CARD,1
37,112.2,11.2,3,2,7,MONTH_TO_MONTH,1,1,ELECTRONIC_CHECK,0
27,101.5,18.3,11,1,6,ONE_YEAR,0,1,ELECTRONIC_CHECK,1
62,41.22,18.7,4,0,1,MONTH_TO_MONTH,1,0,ELECTRONIC_CHECK,0
54,59.41,22.0,8,0,8,ONE_YEAR,1,0,ELECTRONIC_CHECK,0
63,53.16,10.8,6,1,9,MONTH_TO_MONTH,0,0,BANK_TRANSFER,0
2,57.93,9.6,5,0,10,MONTH_TO_MONTH,0,0,ELECTRONIC_CHECK,0
51,47.31,13.2,8,1,10,MONTH_TO_MONTH,0,1,BANK_TRANSFER,0
49,106.42,2.1,13,1,3,MONTH_TO_MONTH,0,1,ELECTRONIC_CHECK,1
20,23.4,17.4,8,2,9,MONTH_TO_MONTH,0,0,CREDIT_CARD,0
9,38.93,11.7,3,0,8,ONE_YEAR,1,1,CREDIT_CARD,0
66,46.6,8.8,2,0,10,ONE_YEAR,0,1,ELECTRONIC_CHECK,0
67,111.25,5.9,8,0,1,TWO_YEAR,0,0,BANK_TRANSFER,1
55,31.02,15.2,11,1,8,TWO_YEAR,1,0,BANK_TRANSFER,0
47,84.14,1.8,4,1,2,ONE_YEAR,1,1,BANK_TRANSFER,1
27,39.68,21.9,6,2,9,ONE_YEAR,1,0,CREDIT_CARD,0
68,108.81,17.7,7,1,8,MONTH_TO_MONTH,1,0,ELECTRONIC_CHECK,0
52,75.44,15.3,3,1,10,ONE_YEAR,1,1,BANK_TRANSFER,0
1,41.08,17.4,13,0,7,ONE_YEAR,0,0,BANK_TRANSFER,0
32,107.88,9.2,3,4,7,MONTH_TO_MONTH,0,1,ELECTRONIC_CHECK,1
9,98.75,21.7,4,0,5,ONE_YEAR,0,1,CREDIT_CARD,1
61,29.12,14.5,1,0,5,MONTH_TO_MONTH,1,0,CREDIT_CARD,0
10,109.24,15.2,3,1,2,MONTH_TO_MONTH,1,0,CREDIT_CARD,1
11,43.95,20.3,13,2,10,MONTH_TO_MONTH,1,0,ELECTRONIC_CHECK,0
17,97.21,0.5,11,0,2,MONTH_TO_MONTH,1,0,CREDIT_CARD,1
4,56.99,9.0,5,2,3,ONE_YEAR,0,1,ELECTRONIC_CHECK,0
6,79.41,17.8,9,1,0,MONTH_TO_MONTH,1,1,BANK_TRANSFER,1
10,102.46,22.4,12,2,1,MONTH_TO_MONTH,1,0,CREDIT_CARD,1
22,42.46,0.5,9,1,7,MONTH_TO_MONTH,1,0,BANK_TRANSFER,0
25,29.94,8.2,2,2,4,MONTH_TO_MONTH,1,0,ELECTRONIC_CHECK,0
4,46.48,6.6,11,0,0,MONTH_TO_MONTH,1,0,CREDIT_CARD,0
36,39.49,0.5,14,2,5,TWO_YEAR,0,1,CREDIT_CARD,0
45,88.96,10.0,12,0,8,TWO_YEAR,0,0,ELECTRONIC_CHECK,1
32,45.77,11.3,7,5,3,MONTH_TO_MONTH,0,1,ELECTRONIC_CHECK,1
39,86.14,9.6,4,2,9,ONE_YEAR,0,0,ELECTRONIC_CHECK,1
6,98.95,12.9,14,1,0,TWO_YEAR,0,1,ELECTRONIC_CHECK,1
57,66.39,12.8,13,0,1,MONTH_TO_MONTH,0,1,ELECTRONIC_CHECK,0
55,61.96,18.8,2,1,6,MONTH_TO_MONTH,0,0,ELECTRONIC_CHECK,0
36,46.71,18.9,11,1,2,MONTH_TO_MONTH,1,0,ELECTRONIC_CHECK,0
36,41.91,23.0,14,2,4,MONTH_TO_MONTH,0,0,ELECTRONIC_CHECK,0
13,47.95,16.9,2,1,3,MONTH_TO_MONTH,0,0,ELECTRONIC_CHECK,0
66,74.05,22.3,10,1,6,ONE_YEAR,0,1,ELECTRONIC_CHECK,0
19,45.52,12.9,6,0,4,MONTH_TO_MONTH,1,1,CREDIT_CARD,0
57,30.8,21.7,2,0,3,MONTH_TO_MONTH,0,0,ELECTRONIC_CHECK,0
18,50.19,0.6,6,1,6,MONTH_TO_MONTH,0,0,BANK_TRANSFER,0
15,62.82,25.0,3,2,2,MONTH_TO_MONTH,1,1,ELECTRONIC_CHECK,0
48,33.58,8.8,7,2,7,MONTH_TO_MONTH,0,0,ELECTRONIC_CHECK,0
34,38.13,14.0,9,1,5,MONTH_TO_MONTH,0,0,BANK_TRANSFER,0
42,76.43,14.9,6,0,5,MONTH_TO_MONTH,1,1,ELECTRONIC_CHECK,0
58,69.46,5.4,5,1,5,TWO_YEAR,0,1,CREDIT_CARD,0
37,34.84,23.8,5,1,1,ONE_YEAR,1,1,CREDIT_CARD,0
64,74.55,10.5,14,0,7,TWO_YEAR,1,0,BANK_TRANSFER,0
17,20.49,3.1,14,1,10,MONTH_TO_MONTH,1,0,ELECTRONIC_CHECK,0
68,98.61,7.1,9,1,1,MONTH_TO_MONTH,1,0,CREDIT_CARD,0
13,49.03,18.0,1,0,2,ONE_YEAR,0,0,BANK_TRANSFER,0
21,109.47,4.0,14,1,0,MONTH_TO_MONTH,1,0,CREDIT_CARD,0
38,36.29,18.3,14,0,5,MONTH_TO_MONTH,0,1,ELECTRONIC_CHECK,0
54,87.98,18.7,10,1,6,MONTH_TO_MONTH,1,0,ELECTRONIC_CHECK,0
46,112.9,19.5,11,1,3,TWO_YEAR,0,0,ELECTRONIC_CHECK,1
39,91.73,23.6,10,1,2,MONTH_TO_MONTH,1,0,ELECTRONIC_CHECK,0
20,68.72,0.5,14,3,6,TWO_YEAR,0,1,BANK_TRANSFER,0
58,81.56,19.4,14,4,4,MONTH_TO_MONTH,1,0,ELECTRONIC_CHECK,1
58,61.73,21.3,6,3,10,MONTH_TO_MONTH,1,1,CREDIT_CARD,1
7,97.99,17.7,1,3,6,ONE_YEAR,0,1,ELECTRONIC_CHECK,1
44,78.4,16.5,2,0,6,MONTH_TO_MONTH,0,0,ELECTRONIC_CHECK,0
25,38.51,33.1,6,1,4,MONTH_TO_MONTH,0,1,ELECTRONIC_CHECK,0
69,79.3,17.0,14,2,10,MONTH_TO_MONTH,0,0,BANK_TRANSFER,0
11,70.19,14.7,6,1,4,ONE_YEAR,0,1,ELECTRONIC_CHECK,1
47,91.44,14.8,13,0,7,MONTH_TO_MONTH,1,0,CREDIT_CARD,0
59,62.15,5.7,3,1,10,MONTH_TO_MONTH,0,0,ELECTRONIC_CHECK,0
24,76.95,23.5,3,2,9,ONE_YEAR,0,1,CREDIT_CARD,0
57,94.33,15.5,14,4,10,ONE_YEAR,0,1,ELECTRONIC_CHECK,1
62,20.14,27.8,8,2,4,MONTH_TO_MONTH,1,1,BANK_TRANSFER,0
2,78.92,11.8,11,4,4,TWO_YEAR,1,0,CREDIT_CARD,1
19,102.19,19.0,4,0,3,MONTH_TO_MONTH,1,0,CREDIT_CARD,0
28,48.31,24.3,7,1,5,ONE_YEAR,0,1,ELECTRONIC_CHECK,0
21,90.68,11.3,9,0,4,ONE_YEAR,1,0,CREDIT_CARD,0
2,106.68,11.7,13,0,6,MONTH_TO_MONTH,0,1,ELECTRONIC_CHECK,1
38,58.62,24.4,3,1,3,MONTH_TO_MONTH,1,1,BANK_TRANSFER,0
3,37.65,18.3,8,0,8,MONTH_TO_MONTH,0,1,ELECTRONIC_CHECK,0
40,47.09,14.7,10,2,7,MONTH_TO_MONTH,1,1,ELECTRONIC_CHECK,0
55,70.41,14.8,5,0,5,TWO_YEAR,1,1,ELECTRONIC_CHECK,0
4,81.56,9.6,3,0,1,MONTH_TO_MONTH,1,0,ELECTRONIC_CHECK,1
5,111.84,8.9,7,2,0,ONE_YEAR,0,1,CREDIT_CARD,1
36,61.12,2.3,2,0,5,MONTH_TO_MONTH,1,1,ELECTRONIC_CHECK,0
10,109.65,8.2,5,1,6,MONTH_TO_MONTH,0,0,ELECTRONIC_CHECK,1
49,51.16,20.5,4,2,2,MONTH_TO_MONTH,0,0,ELECTRONIC_CHECK,0
19,77.74,21.0,13,1,3,MONTH_TO_MONTH,1,0,CREDIT_CARD,0
46,78.67,29.3,11,1,8,MONTH_TO_MONTH,1,0,ELECTRONIC_CHECK,0
37,27.22,24.8,13,3,9,TWO_YEAR,0,1,ELECTRONIC_CHECK,0
12,51.24,13.3,3,4,8,MONTH_TO_MONTH,0,1,BANK_TRANSFER,1
10,39.11,15.2,1,2,7,MONTH_TO_MONTH,0,1,CREDIT_CARD,0
53,43.09,31.2,12,1,6,TWO_YEAR,1,1,CREDIT_CARD,0
8,96.52,29.2,6,2,4,MONTH_TO_MONTH,0,1,BANK_TRANSFER,1
49,68.09,11.6,2,2,8,TWO_YEAR,1,1,CREDIT_CARD,0
18,112.83,5.8,3,1,6,MONTH_TO_MONTH,1,1,CREDIT_CARD,0
19,79.39,15.6,10,1,6,ONE_YEAR,0,0,BANK_TRANSFER,0
36,91.28,9.8,5,1,10,MONTH_TO_MONTH,0,1,BANK_TRANSFER,1
28,35.68,15.9,3,3,5,MONTH_TO_MONTH,0,1,CREDIT_CARD,1
44,31.42,20.5,13,1,2,MONTH_TO_MONTH,0,0,ELECTRONIC_CHECK,0
45,85.64,14.9,7,0,4,MONTH_TO_MONTH,0,0,BANK_TRANSFER,1
44,66.92,9.6,11,0,10,MONTH_TO_MONTH,1,1,BANK_TRANSFER,0
69,59.3,0.5,3,0,10,MONTH_TO_MONTH,0,0,ELECTRONIC_CHECK,0
34,87.02,0.5,13,1,9,MONTH_TO_MONTH,0,1,BANK_TRANSFER,1
1,59.04,19.6,7,2,4,ONE_YEAR,0,1,BANK_TRANSFER,0
61,97.72,5.8,13,0,10,MONTH_TO_MONTH,0,1,ELECTRONIC_CHECK,1
51,78.82,5.3,11,4,5,MONTH_TO_MONTH,0,1,CREDIT_CARD,1
48,46.08,17.2,5,2,0,ONE_YEAR,0,1,ELECTRONIC_CHECK,0
34,41.68,9.0,12,3,9,MONTH_TO_MONTH,0,1,ELECTRONIC_CHECK,1
5,77.42,13.9,7,0,6,TWO_YEAR,0,0,ELECTRONIC_CHECK,1
49,48.42,13.1,7,1,0,MONTH_TO_MONTH,0,0,BANK_TRANSFER,0
13,80.94,10.6,1,2,4,MONTH_TO_MONTH,0,1,ELECTRONIC_CHECK,0
65,76.73,23.2,8,0,4,MONTH_TO_MONTH,1,1,ELECTRONIC_CHECK,0
6,28.69,17.2,9,1,10,MONTH_TO_MONTH,1,1,ELECTRONIC_CHECK,0
41,47.31,6.2,11,4,0,MONTH_TO_MONTH,1,0,CREDIT_CARD,1
63,67.11,12.3,12,2,3,ONE_YEAR,0,0,BANK_TRANSFER,0
62,98.59,17.1,6,1,6,MONTH_TO_MONTH,1,1,ELECTRONIC_CHECK,0
29,98.47,15.2,14,2,7,TWO_YEAR,0,1,ELECTRONIC_CHECK,1
20,23.91,18.1,1,3,2,MONTH_TO_MONTH,0,1,ELECTRONIC_CHECK,1
13,51.97,8.7,6,0,5,ONE_YEAR,0,0,ELECTRONIC_CHECK,0
30,102.69,2.8,7,1,3,ONE_YEAR,1,1,ELECTRONIC_CHECK,1
48,48.03,6.4,14,2,1,MONTH_TO_MONTH,1,1,CREDIT_CARD,0
3,55.67,4.7,5,0,2,TWO_YEAR,1,0,ELECTRONIC_CHECK,0
53,75.93,16.1,8,3,4,MONTH_TO_MONTH,1,1,CREDIT_CARD,1
27,67.54,7.0,12,0,6,MONTH_TO_MONTH,0,0,BANK_TRANSFER,0
9,69.23,22.2,6,0,1,MONTH_TO_MONTH,1,0,BANK_TRANSFER,0
8,24.79,24.8,5,1,2,MONTH_TO_MONTH,0,0,BANK_TRANSFER,0
16,29.62,11.5,7,0,3,TWO_YEAR,0,0,ELECTRONIC_CHECK,0
27,79.48,13.4,9,0,8,MONTH_TO_MONTH,0,0,CREDIT_CARD,0
48,72.82,11.3,11,0,1,ONE_YEAR,0,0,BANK_TRANSFER,0
51,103.74,14.5,7,0,10,MONTH_TO_MONTH,1,1,CREDIT_CARD,0
24,62.99,4.9,14,3,8,MONTH_TO_MONTH,0,1,CREDIT_CARD,1
25,59.08,2.5,3,1,3,MONTH_TO_MONTH,0,1,CREDIT_CARD,1
60,90.6,9.3,13,3,9,ONE_YEAR,1,1,CREDIT_CARD,0
1,97.73,14.3,11,1,5,MONTH_TO_MONTH,1,1,CREDIT_CARD,1
28,48.31,16.2,13,1,0,MONTH_TO_MONTH,0,0,ELECTRONIC_CHECK,0
33,105.41,22.6,13,0,10,MONTH_TO_MONTH,0,0,CREDIT_CARD,1
22,68.04,45.0,7,1,10,MONTH_TO_MONTH,0,0,BANK_TRANSFER,0
24,64.41,7.8,10,2,3,ONE_YEAR,0,0,CREDIT_CARD,0
13,97.5,14.6,2,1,5,TWO_YEAR,0,1,ELECTRONIC_CHECK,1
55,87.25,17.5,2,2,1,MONTH_TO_MONTH,0,1,ELECTRONIC_CHECK,1
59,105.97,10.0,5,2,1,MONTH_TO_MONTH,1,1,CREDIT_CARD,0
68,65.97,11.6,5,0,1,MONTH_TO_MONTH,0,1,CREDIT_CARD,0
9,77.5,5.0,9,1,10,ONE_YEAR,0,1,CREDIT_CARD,1
63,110.58,20.6,10,2,4,ONE_YEAR,1,0,CREDIT_CARD,0
35,71.31,15.1,9,1,4,MONTH_TO_MONTH,0,0,CREDIT_CARD,0
59,90.35,20.0,12,2,7,MONTH_TO_MONTH,0,1,BANK_TRANSFER,1
44,27.01,9.9,4,1,7,ONE_YEAR,1,0,CREDIT_CARD,0
30,62.86,11.9,1,2,9,MONTH_TO_MONTH,0,1,ELECTRONIC_CHECK,0
1,25.05,18.5,11,1,8,ONE_YEAR,1,1,ELECTRONIC_CHECK,0
12,96.97,8.5,1,0,7,MONTH_TO_MONTH,0,0,BANK_TRANSFER,1
47,102.87,21.6,11,2,4,MONTH_TO_MONTH,1,0,ELECTRONIC_CHECK,0
20,77.07,12.5,9,1,2,MONTH_TO_MONTH,0,1,ELECTRONIC_CHECK,0
6,22.63,21.0,7,3,3,ONE_YEAR,0,0,CREDIT_CARD,0
60,23.24,21.4,2,0,5,MONTH_TO_MONTH,0,1,BANK_TRANSFER,0
40,73.7,27.5,5,2,9,TWO_YEAR,1,0,ELECTRONIC_CHECK,0
6,103.93,15.3,6,2,9,ONE_YEAR,1,1,CREDIT_CARD,1
70,77.92,12.2,2,0,9,MONTH_TO_MONTH,0,0,ELECTRONIC_CHECK,0
59,49.52,10.8,6,1,7,MONTH_TO_MONTH,0,1,BANK_TRANSFER,0
16,26.45,13.6,6,2,10,ONE_YEAR,0,1,CREDIT_CARD,0
35,95.9,19.2,7,1,9,MONTH_TO_MONTH,0,1,BANK_TRANSFER,1
14,53.71,21.0,9,3,5,TWO_YEAR,0,1,BANK_TRANSFER,0
10,89.21,12.5,14,0,10,MONTH_TO_MONTH,0,1,CREDIT_CARD,1
49,40.79,19.5,10,1,0,MONTH_TO_MONTH,1,1,CREDIT_CARD,0
56,35.76,19.9,4,2,8,ONE_YEAR,1,1,BANK_TRANSFER,0
10,90.03,25.2,6,1,7,MONTH_TO_MONTH,1,0,BANK_TRANSFER,1
63,62.79,12.3,10,0,7,ONE_YEAR,1,1,ELECTRONIC_CHECK,0
63,62.84,22.0,12,1,9,TWO_YEAR,0,1,CREDIT_CARD,0
14,62.74,17.1,12,6,5,ONE_YEAR,0,0,CREDIT_CARD,0
10,51.28,15.4,4,4,5,MONTH_TO_MONTH,0,1,CREDIT_CARD,1
58,47.94,21.2,10,1,4,MONTH_TO_MONTH,1,0,ELECTRONIC_CHECK,0
9,67.66,21.6,11,2,4,TWO_YEAR,1,1,BANK_TRANSFER,0
47,30.21,13.5,14,2,0,MONTH_TO_MONTH,1,1,CREDIT_CARD,0
10,38.61,13.2,13,1,0,MONTH_TO_MONTH,0,0,BANK_TRANSFER,0
57,29.32,23.1,12,2,6,TWO_YEAR,0,0,ELECTRONIC_CHECK,0
4,56.15,17.8,12,2,0,ONE_YEAR,0,1,CREDIT_CARD,0
57,50.56,30.7,9,1,10,MONTH_TO_MONTH,0,0,BANK_TRANSFER,0
49,92.46,16.5,11,2,4,MONTH_TO_MONTH,0,0,CREDIT_CARD,1
44,21.98,3.6,1,1,1,MONTH_TO_MONTH,1,0,BANK_TRANSFER,0
50,74.78,15.9,1,2,7,ONE_YEAR,0,1,CREDIT_CARD,0
14,23.73,18.1,12,4,5,MONTH_TO_MONTH,1,0,ELECTRONIC_CHECK,1
24,51.11,25.7,5,1,3,MONTH_TO_MONTH,0,0,CREDIT_CARD,0
8,29.42,8.0,1,0,3,ONE_YEAR,0,0,ELECTRONIC_CHECK,0
34,113.08,11.1,6,1,9,MONTH_TO_MONTH,0,0,BANK_TRANSFER,1
46,45.7,26.1,3,3,9,MONTH_TO_MONTH,1,1,BANK_TRANSFER,1
3,67.15,17.6,8,1,1,ONE_YEAR,0,0,CREDIT_CARD,0
53,46.33,11.5,5,2,8,TWO_YEAR,0,0,ELECTRONIC_CHECK,0
60,34.76,26.6,10,3,9,MONTH_TO_MONTH,0,1,CREDIT_CARD,1
67,105.41,18.3,6,7,10,ONE_YEAR,0,0,ELECTRONIC_CHECK,1
34,93.09,0.5,9,1,5,MONTH_TO_MONTH,0,1,BANK_TRANSFER,1
12,66.76,23.4,2,3,6,TWO_YEAR,0,1,ELECTRONIC_CHECK,0
16,36.25,0.5,9,0,1,TWO_YEAR,0,1,BANK_TRANSFER,1
56,59.94,0.5,9,1,6,ONE_YEAR,0,1,BANK_TRANSFER,0
69,37.15,20.3,12,0,8,ONE_YEAR,0,1,ELECTRONIC_CHECK,0
40,103.69,15.5,9,0,9,MONTH_TO_MONTH,0,0,ELECTRONIC_CHECK,1
69,40.01,24.2,5,0,10,MONTH_TO_MONTH,0,1,ELECTRONIC_CHECK,0
22,41.56,1.6,8,3,1,ONE_YEAR,1,1,BANK_TRANSFER,1
49,76.93,10.7,1,0,6,TWO_YEAR,0,1,CREDIT_CARD,0
38,109.18,20.3,6,0,5,ONE_YEAR,1,1,CREDIT_CARD,0
20,65.34,6.7,2,1,1,MONTH_TO_MONTH,0,0,ELECTRONIC_CHECK,0
18,40.46,15.5,5,0,4,ONE_YEAR,0,0,BANK_TRANSFER,0
63,75.94,13.0,2,4,3,ONE_YEAR,1,1,ELECTRONIC_CHECK,0
44,82.03,11.7,6,4,5,TWO_YEAR,0,1,BANK_TRANSFER,0
3,34.72,23.5,14,1,7,TWO_YEAR,0,0,ELECTRONIC_CHECK,0
31,21.73,21.3,6,3,8,ONE_YEAR,0,1,BANK_TRANSFER,0
52,39.73,20.5,3,3,4,ONE_YEAR,0,1,ELECTRONIC_CHECK,0
54,88.01,15.5,7,3,7,TWO_YEAR,1,0,CREDIT_CARD,0
29,91.9,14.6,6,0,6,MONTH_TO_MONTH,0,0,ELECTRONIC_CHECK,1
63,61.63,23.6,4,1,1,ONE_YEAR,1,1,ELECTRONIC_CHECK,0
39,75.96,0.5,14,2,8,MONTH_TO_MONTH,1,0,BANK_TRANSFER,0
2,93.31,13.1,11,0,2,MONTH_TO_MONTH,1,1,CREDIT_CARD,1
67,62.48,13.9,11,2,1,TWO_YEAR,1,0,ELECTRONIC_CHECK,0
7,30.17,7.3,6,0,2,TWO_YEAR,0,1,CREDIT_CARD,0
34,80.81,28.9,13,0,5,MONTH_TO_MONTH,0,0,CREDIT_CARD,0
3,81.61,7.0,1,1,9,TWO_YEAR,0,1,ELECTRONIC_CHECK,1
22,82.89,0.5,8,2,9,MONTH_TO_MONTH,1,0,ELECTRONIC_CHECK,0
35,104.95,0.5,14,0,9,MONTH_TO_MONTH,0,0,CREDIT_CARD,1
4,92.1,18.7,11,1,4,MONTH_TO_MONTH,1,1,CREDIT_CARD,1
57,35.66,30.2,6,3,9,ONE_YEAR,0,1,ELECTRONIC_CHECK,0
6,53.21,0.5,6,1,0,TWO_YEAR,1,0,CREDIT_CARD,1
17,31.04,0.5,3,0,9,MONTH_TO_MONTH,0,0,ELECTRONIC_CHECK,0
4,42.86,10.9,3,1,5,MONTH_TO_MONTH,1,1,CREDIT_CARD,0
5,104.85,18.0,11,1,6,MONTH_TO_MONTH,1,0,ELECTRONIC_CHECK,1
70,95.33,29.4,8,0,10,MONTH_TO_MONTH,1,1,ELECTRONIC_CHECK,0
24,29.42,13.2,8,1,3,TWO_YEAR,1,1,CREDIT_CARD,0
28,34.27,3.9,4,1,7,MONTH_TO_MONTH,1,1,ELECTRONIC_CHECK,0
22,94.26,8.4,2,2,10,MONTH_TO_MONTH,0,1,ELECTRONIC_CHECK,1
36,47.55,9.1,9,2,9,TWO_YEAR,0,1,CREDIT_CARD,0
49,42.25,16.3,2,1,7,MONTH_TO_MONTH,0,1,ELECTRONIC_CHECK,0
25,106.3,19.8,7,1,0,TWO_YEAR,0,1,BANK_TRANSFER,1
36,63.27,29.3,10,2,10,MONTH_TO_MONTH,0,1,ELECTRONIC_CHECK,0
58,109.67,14.5,12,0,9,MONTH_TO_MONTH,1,0,ELECTRONIC_CHECK,0
56,53.58,6.3,9,2,4,ONE_YEAR,0,0,ELECTRONIC_CHECK,0
38,112.93,25.0,5,0,4,ONE_YEAR,0,1,ELECTRONIC_CHECK,1
41,103.09,7.9,12,0,9,MONTH_TO_MONTH,1,1,ELECTRONIC_CHECK,0
44,113.95,5.2,7,1,1,MONTH_TO_MONTH,0,0,CREDIT_CARD,1
4,45.97,18.0,10,0,6,ONE_YEAR,1,0,CREDIT_CARD,0
62,40.73,17.6,5,1,5,ONE_YEAR,0,1,ELECTRONIC_CHECK,0
55,65.29,11.5,14,3,9,MONTH_TO_MONTH,1,1,ELECTRONIC_CHECK,1
49,34.85,13.1,8,1,6,TWO_YEAR,0,0,BANK_TRANSFER,0
60,82.94,18.0,1,3,6,ONE_YEAR,1,1,ELECTRONIC_CHECK,0
15,95.13,28.2,3,2,2,ONE_YEAR,0,0,BANK_TRANSFER,1
67,87.5,28.3,13,0,6,ONE_YEAR,0,1,ELECTRONIC_CHECK,1
15,44.66,5.0,13,1,3,MONTH_TO_MONTH,0,1,BANK_TRANSFER,0
8,67.07,5.2,2,2,9,ONE_YEAR,1,1,ELECTRONIC_CHECK,0
14,110.41,0.5,2,3,5,TWO_YEAR,1,1,CREDIT_CARD,0
30,44.5,26.8,5,2,8,MONTH_TO_MONTH,0,1,CREDIT_CARD,0
46,24.12,18.8,4,1,9,ONE_YEAR,0,1,ELECTRONIC_CHECK,0
2,87.5,20.4,12,2,0,TWO_YEAR,1,1,BANK_TRANSFER,1
30,56.81,22.0,6,1,0,MONTH_TO_MONTH,0,0,CREDIT_CARD,0
35,51.12,16.5,6,3,10,TWO_YEAR,0,0,ELECTRONIC_CHECK,0
50,78.98,11.3,9,1,0,ONE_YEAR,0,1,ELECTRONIC_CHECK,0
16,81.74,8.4,6,0,1,MONTH_TO_MONTH,1,1,ELECTRONIC_CHECK,0
5,22.78,22.1,1,0,9,MONTH_TO_MONTH,1,0,BANK_TRANSFER,0
4,71.55,18.8,13,5,3,ONE_YEAR,0,0,ELECTRONIC_CHECK,1
4,80.99,17.4,14,0,8,MONTH_TO_MONTH,0,0,ELECTRONIC_CHECK,1
33,31.64,12.6,10,3,3,ONE_YEAR,0,0,BANK_TRANSFER,0
45,20.17,0.9,6,2,5,MONTH_TO_MONTH,1,0,ELECTRONIC_CHECK,0
42,38.22,22.6,5,0,7,ONE_YEAR,0,1,CREDIT_CARD,0
25,32.08,10.4,6,2,5,TWO_YEAR,1,0,ELECTRONIC_CHECK,0
14,64.3,16.8,2,2,7,MONTH_TO_MONTH,0,0,CREDIT_CARD,0
27,110.28,14.9,8,0,9,MONTH_TO_MONTH,1,0,CREDIT_CARD,0
65,64.71,6.6,13,1,4,MONTH_TO_MONTH,0,1,CREDIT_CARD,0
3,33.18,15.4,5,0,6,MONTH_TO_MONTH,0,1,ELECTRONIC_CHECK,0
67,32.98,15.0,8,3,10,MONTH_TO_MONTH,0,1,ELECTRONIC_CHECK,1
18,43.65,16.8,11,4,1,MONTH_TO_MONTH,0,1,CREDIT_CARD,1
40,65.52,17.8,10,2,1,MONTH_TO_MONTH,0,0,ELECTRONIC_CHECK,0
44,108.7,6.0,10,0,9,TWO_YEAR,1,0,ELECTRONIC_CHECK,0
19,80.97,23.3,3,1,10,ONE_YEAR,1,1,BANK_TRANSFER,0
17,32.54,17.8,3,3,8,TWO_YEAR,1,1,ELECTRONIC_CHECK,0
59,102.75,0.5,10,0,8,TWO_YEAR,0,1,CREDIT_CARD,1
62,53.38,11.0,6,0,7,MONTH_TO_MONTH,0,1,ELECTRONIC_CHECK,0
64,55.93,10.2,7,0,7,ONE_YEAR,0,0,ELECTRONIC_CHECK,0
71,44.36,4.3,1,3,0,MONTH_TO_MONTH,1,1,CREDIT_CARD,1
34,84.27,33.8,10,1,6,ONE_YEAR,1,1,ELECTRONIC_CHECK,0
71,41.09,19.3,4,0,3,MONTH_TO_MONTH,1,0,ELECTRONIC_CHECK,0
39,39.84,3.3,13,1,8,MONTH_TO_MONTH,1,0,CREDIT_CARD,0
30,97.98,27.3,4,1,7,ONE_YEAR,0,0,CREDIT_CARD,1
21,70.37,29.0,7,1,6,ONE_YEAR,0,0,ELECTRONIC_CHECK,0
33,96.21,4.3,3,1,8,ONE_YEAR,0,0,CREDIT_CARD,1
5,71.23,10.6,8,1,7,MONTH_TO_MONTH,0,0,BANK_TRANSFER,1
68,112.2,0.6,13,3,9,TWO_YEAR,0,1,CREDIT_CARD,1
9,76.32,19.7,5,3,1,MONTH_TO_MONTH,1,1,BANK_TRANSFER,1
45,33.62,25.1,2,1,5,MONTH_TO_MONTH,1,0,ELECTRONIC_CHECK,0
22,23.33,5.5,2,1,5,MONTH_TO_MONTH,0,0,ELECTRONIC_CHECK,0
53,102.81,11.3,10,1,9,TWO_YEAR,1,1,BANK_TRANSFER,0
6,112.11,19.4,2,2,6,MONTH_TO_MONTH,0,0,ELECTRONIC_CHECK,1
45,61.89,22.0,9,2,0,MONTH_TO_MONTH,0,1,ELECTRONIC_CHECK,0
59,28.47,6.9,1,1,9,MONTH_TO_MONTH,0,0,BANK_TRANSFER,0
62,93.72,16.4,5,0,7,MONTH_TO_MONTH,0,1,BANK_TRANSFER,1
54,54.46,17.9,9,4,10,MONTH_TO_MONTH,1,0,ELECTRONIC_CHECK,1
36,107.77,2.6,1,1,6,TWO_YEAR,1,1,CREDIT_CARD,0
71,80.19,10.1,5,1,7,MONTH_TO_MONTH,0,1,CREDIT_CARD,0
68,78.73,20.6,9,0,8,ONE_YEAR,0,0,CREDIT_CARD,0
36,52.04,14.5,6,0,6,MONTH_TO_MONTH,0,1,BANK_TRANSFER,0
19,32.59,15.0,12,1,2,MONTH_TO_MONTH,1,1,ELECTRONIC_CHECK,0
56,109.14,14.4,3,0,2,MONTH_TO_MONTH,0,0,BANK_TRANSFER,1
34,35.31,8.1,6,1,5,TWO_YEAR,1,0,BANK_TRANSFER,0
65,92.21,19.0,5,0,7,TWO_YEAR,0,1,CREDIT_CARD,1
69,99.36,9.9,1,2,2,TWO_YEAR,1,1,ELECTRONIC_CHECK,0
61,74.92,30.5,7,2,6,MONTH_TO_MONTH,0,1,ELECTRONIC_CHECK,0
59,83.31,20.1,1,5,7,MONTH_TO_MONTH,0,0,CREDIT_CARD,1
53,99.92,16.4,14,2,10,ONE_YEAR,1,0,ELECTRONIC_CHECK,0
55,113.46,16.1,5,2,0,MONTH_TO_MONTH,0,0,CREDIT_CARD,1
41,72.51,8.0,13,3,8,MONTH_TO_MONTH,0,1,ELECTRONIC_CHECK,1
26,78.49,20.9,11,1,5,TWO_YEAR,0,1,BANK_TRANSFER,0
26,79.74,6.8,9,0,7,MONTH_TO_MONTH,0,1,BANK_TRANSFER,0
19,58.39,20.6,14,1,7,TWO_YEAR,1,0,BANK_TRANSFER,0
27,67.99,19.4,14,1,0,TWO_YEAR,0,0,BANK_TRANSFER,0
22,37.26,8.3,14,1,1,MONTH_TO_MONTH,0,1,BANK_TRANSFER,0
17,67.03,7.0,3,1,4,ONE_YEAR,0,0,BANK_TRANSFER,0
34,49.63,0.5,4,1,10,MONTH_TO_MONTH,0,1,ELECTRONIC_CHECK,0
14,49.47,10.2,2,1,5,TWO_YEAR,0,1,ELECTRONIC_CHECK,0
19,83.76,6.6,12,4,1,MONTH_TO_MONTH,0,1,ELECTRONIC_CHECK,1
8,25.66,17.2,13,1,0,MONTH_TO_MONTH,1,1,ELECTRONIC_CHECK,0
36,26.87,6.4,14,0,5,MONTH_TO_MONTH,0,0,CREDIT_CARD,0
51,69.13,13.5,11,1,0,ONE_YEAR,0,0,ELECTRONIC_CHECK,0
12,103.79,4.0,1,0,8,ONE_YEAR,0,0,CREDIT_CARD,1
36,39.96,13.5,5,2,3,TWO_YEAR,1,1,CREDIT_CARD,0
36,94.88,16.7,1,2,0,MONTH_TO_MONTH,1,1,CREDIT_CARD,0
19,93.24,15.4,2,4,10,ONE_YEAR,0,1,BANK_TRANSFER,1
11,64.71,18.9,1,1,3,TWO_YEAR,1,1,CREDIT_CARD,0
1,43.55,14.3,7,1,1,MONTH_TO_MONTH,1,1,ELECTRONIC_CHECK,0
15,35.14,19.8,4,1,5,ONE_YEAR,0,1,BANK_TRANSFER,0
28,53.27,24.7,4,0,9,MONTH_TO_MONTH,0,1,ELECTRONIC_CHECK,0
69,79.73,0.9,11,1,1,MONTH_TO_MONTH,0,1,ELECTRONIC_CHECK,1
44,81.79,12.3,5,0,5,ONE_YEAR,0,1,CREDIT_CARD,0
25,83.0,19.0,4,1,2,MONTH_TO_MONTH,0,0,ELECTRONIC_CHECK,0
11,66.99,9.6,14,4,8,MONTH_TO_MONTH,0,1,ELECTRONIC_CHECK,1
53,74.5,16.8,8,0,6,ONE_YEAR,1,1,CREDIT_CARD,0
66,63.78,34.2,3,2,1,MONTH_TO_MONTH,1,1,ELECTRONIC_CHECK,0
63,79.44,16.6,14,0,7,MONTH_TO_MONTH,0,0,CREDIT_CARD,0
25,107.88,15.1,9,3,8,TWO_YEAR,0,1,ELECTRONIC_CHECK,1
41,79.7,12.7,10,1,3,MONTH_TO_MONTH,0,1,CREDIT_CARD,0
19,57.09,16.9,3,2,0,ONE_YEAR,1,0,ELECTRONIC_CHECK,0
45,104.61,15.5,8,1,5,TWO_YEAR,1,1,ELECTRONIC_CHECK,0
52,38.77,14.0,10,1,6,MONTH_TO_MONTH,0,1,CREDIT_CARD,0
30,22.11,6.4,13,0,5,MONTH_TO_MONTH,1,1,ELECTRONIC_CHECK,0
5,73.13,18.6,13,3,3,MONTH_TO_MONTH,0,0,BANK_TRANSFER,1
67,54.48,0.5,14,1,4,ONE_YEAR,0,0,BANK_TRANSFER,1
18,109.83,13.4,4,0,3,MONTH_TO_MONTH,0,0,ELECTRONIC_CHECK,1
23,45.69,9.9,3,2,2,TWO_YEAR,0,1,ELECTRONIC_CHECK,0
19,67.97,17.2,3,2,7,TWO_YEAR,1,0,ELECTRONIC_CHECK,0
67,59.41,5.3,13,0,4,MONTH_TO_MONTH,0,1,CREDIT_CARD,0
71,77.29,14.9,3,1,0,ONE_YEAR,0,0,BANK_TRANSFER,0
33,53.59,6.4,3,1,7,MONTH_TO_MONTH,0,0,BANK_TRANSFER,0
65,33.08,3.3,13,1,2,TWO_YEAR,0,0,BANK_TRANSFER,0
22,46.93,16.2,5,0,2,ONE_YEAR,0,1,ELECTRONIC_CHECK,0
44,99.16,29.6,8,0,6,TWO_YEAR,0,0,ELECTRONIC_CHECK,1
44,69.65,11.5,6,4,6,ONE_YEAR,0,0,BANK_TRANSFER,0
57,84.79,19.7,1,2,7,ONE_YEAR,0,0,ELECTRONIC_CHECK,0
49,30.36,2.2,5,0,0,MONTH_TO_MONTH,0,1,BANK_TRANSFER,1
30,38.97,31.1,9,2,10,MONTH_TO_MONTH,0,0,ELECTRONIC_CHECK,0
37,52.72,15.4,13,0,9,MONTH_TO_MONTH,0,0,CREDIT_CARD,0
12,20.08,11.5,1,1,7,MONTH_TO_MONTH,0,0,ELECTRONIC_CHECK,0
19,23.4,22.7,1,2,1,MONTH_TO_MONTH,0,1,ELECTRONIC_CHECK,0
24,89.16,1.6,8,0,7,TWO_YEAR,1,1,CREDIT_CARD,0
70,28.48,23.5,2,0,9,ONE_YEAR,0,0,ELECTRONIC_CHECK,0
35,36.67,11.2,12,0,9,ONE_YEAR,0,0,ELECTRONIC_CHECK,0
63,108.9,14.3,11,3,6,MONTH_TO_MONTH,1,0,ELECTRONIC_CHECK,1
15,25.09,0.5,4,3,7,MONTH_TO_MONTH,0,1,CREDIT_CARD,1
33,69.53,4.5,14,0,2,ONE_YEAR,1,0,ELECTRONIC_CHECK,0
61,59.48,16.9,2,3,1,ONE_YEAR,0,0,BANK_TRANSFER,0
8,89.15,18.3,13,0,6,MONTH_TO_MONTH,1,1,BANK_TRANSFER,1
55,81.16,21.2,4,0,3,ONE_YEAR,0,1,ELECTRONIC_CHECK,0
69,91.87,23.8,8,2,5,MONTH_TO_MONTH,0,1,CREDIT_CARD,1
1,91.98,12.4,2,2,7,MONTH_TO_MONTH,0,1,ELECTRONIC_CHECK,1
63,83.98,6.8,14,4,3,ONE_YEAR,0,1,CREDIT_CARD,0
14,32.16,26.5,12,1,9,MONTH_TO_MONTH,1,0,BANK_TRANSFER,0
24,79.45,3.5,13,1,1,MONTH_TO_MONTH,1,0,CREDIT_CARD,0
24,114.14,15.0,1,4,5,ONE_YEAR,0,0,CREDIT_CARD,1
23,108.74,9.4,1,0,2,MONTH_TO_MONTH,0,1,CREDIT_CARD,1
58,22.34,9.9,11,2,9,ONE_YEAR,0,1,ELECTRONIC_CHECK,0
49,88.97,32.1,14,1,3,MONTH_TO_MONTH,1,1,ELECTRONIC_CHECK,0
3,91.59,5.8,1,4,1,MONTH_TO_MONTH,0,0,ELECTRONIC_CHECK,1
61,67.83,10.9,13,0,0,MONTH_TO_MONTH,1,0,ELECTRONIC_CHECK,0
19,57.62,25.5,7,4,6,TWO_YEAR,1,1,CREDIT_CARD,0
59,43.66,7.0,11,1,10,TWO_YEAR,0,1,ELECTRONIC_CHECK,0
5,40.97,11.5,7,0,8,MONTH_TO_MONTH,0,0,CREDIT_CARD,0
36,27.05,8.1,14,1,9,ONE_YEAR,0,0,CREDIT_CARD,0
15,68.14,20.7,8,0,2,ONE_YEAR,0,1,CREDIT_CARD,0
65,100.23,21.6,2,2,3,MONTH_TO_MONTH,0,0,ELECTRONIC_CHECK,1
52,64.91,12.2,9,0,0,MONTH_TO_MONTH,0,1,ELECTRONIC_CHECK,0
45,90.15,17.7,8,0,8,MONTH_TO_MONTH,1,0,ELECTRONIC_CHECK,0
3,40.46,12.0,10,3,2,MONTH_TO_MONTH,0,1,BANK_TRANSFER,1
52,72.94,28.0,4,3,2,MONTH_TO_MONTH,0,0,ELECTRONIC_CHECK,1
33,76.35,19.2,5,4,8,ONE_YEAR,1,0,CREDIT_CARD,0
22,30.06,0.5,13,0,4,MONTH_TO_MONTH,1,0,ELECTRONIC_CHECK,1
64,40.08,10.0,8,1,0,MONTH_TO_MONTH,1,0,ELECTRONIC_CHECK,0
1,63.22,10.6,2,1,2,ONE_YEAR,0,1,ELECTRONIC_CHECK,0
49,63.53,14.1,13,1,4,ONE_YEAR,1,1,ELECTRONIC_CHECK,0
67,74.78,7.2,11,2,3,TWO_YEAR,0,1,CREDIT_CARD,0
29,46.2,9.7,1,0,1,MONTH_TO_MONTH,1,1,CREDIT_CARD,0
48,79.06,30.1,2,1,3,MONTH_TO_MONTH,0,0,CREDIT_CARD,0
43,73.83,24.5,9,0,5,ONE_YEAR,0,1,BANK_TRANSFER,0
9,64.68,0.5,13,0,8,MONTH_TO_MONTH,0,1,BANK_TRANSFER,0
2,46.62,20.5,11,3,6,MONTH_TO_MONTH,0,1,ELECTRONIC_CHECK,1
60,113.09,8.6,10,0,6,MONTH_TO_MONTH,0,1,CREDIT_CARD,1
52,64.61,20.8,3,0,3,TWO_YEAR,0,0,ELECTRONIC_CHECK,0
9,50.63,8.7,14,2,1,ONE_YEAR,0,1,ELECTRONIC_CHECK,0
23,62.45,11.1,12,3,9,MONTH_TO_MONTH,0,1,BANK_TRANSFER,1
32,106.18,7.8,8,0,2,MONTH_TO_MONTH,0,1,CREDIT_CARD,1
7,29.94,12.8,7,2,4,TWO_YEAR,1,0,ELECTRONIC_CHECK,0
46,108.56,6.8,8,2,8,ONE_YEAR,0,0,ELECTRONIC_CHECK,1
31,78.51,17.8,6,3,2,ONE_YEAR,0,1,CREDIT_CARD,0
18,52.27,11.3,11,3,10,ONE_YEAR,0,0,BANK_TRANSFER,0
61,91.81,17.9,9,0,8,MONTH_TO_MONTH,0,0,ELECTRONIC_CHECK,1
68,44.37,26.1,5,0,5,MONTH_TO_MONTH,0,1,ELECTRONIC_CHECK,0
9,71.1,13.5,11,3,3,MONTH_TO_MONTH,1,1,ELECTRONIC_CHECK,1
12,32.33,23.6,8,1,4,MONTH_TO_MONTH,0,1,CREDIT_CARD,0
1,82.48,12.0,11,1,4,ONE_YEAR,0,1,CREDIT_CARD,1
21,64.36,18.3,8,4,7,MONTH_TO_MONTH,1,1,BANK_TRANSFER,1
59,31.59,11.1,1,1,10,TWO_YEAR,0,0,CREDIT_CARD,0
62,78.95,17.6,13,0,8,MONTH_TO_MONTH,1,1,CREDIT_CARD,0
65,104.76,12.1,12,1,9,MONTH_TO_MONTH,0,1,ELECTRONIC_CHECK,1
16,21.01,11.3,7,3,9,TWO_YEAR,0,0,ELECTRONIC_CHECK,0
22,21.8,14.6,13,4,3,MONTH_TO_MONTH,1,1,ELECTRONIC_CHECK,1
62,29.92,24.7,3,2,5,MONTH_TO_MONTH,0,1,ELECTRONIC_CHECK,0
35,112.21,3.5,6,1,0,ONE_YEAR,0,0,CREDIT_CARD,1
55,111.61,12.9,3,3,8,ONE_YEAR,0,1,CREDIT_CARD,1
53,61.49,29.1,14,3,7,MONTH_TO_MONTH,1,0,CREDIT_CARD,1
31,20.45,13.2,5,3,1,MONTH_TO_MONTH,1,1,ELECTRONIC_CHECK,1
66,52.19,6.2,1,2,4,MONTH_TO_MONTH,1,1,ELECTRONIC_CHECK,0
23,63.43,2.1,1,1,2,ONE_YEAR,0,1,ELECTRONIC_CHECK,1
